страница,скоуп,исполнитель,статус,блоков,блоков_с_методом,блоков_с_Go,методы
api-reference/ai/ai-engine-list.md,ai,Аня,ожидает,1,1,0,ai.engine.list
api-reference/ai/ai-engine-register.md,ai,Аня,ожидает,1,1,0,ai.engine.register
api-reference/ai/ai-engine-unregister.md,ai,Аня,ожидает,1,1,0,ai.engine.unregister
api-reference/biconnector/connector/biconnector-connector-add.md,biconnector,Аня,ожидает,1,1,0,biconnector.connector.add
api-reference/biconnector/connector/biconnector-connector-delete.md,biconnector,Аня,ожидает,1,1,0,biconnector.connector.delete
api-reference/biconnector/connector/biconnector-connector-fields.md,biconnector,Аня,ожидает,1,1,0,biconnector.connector.fields
api-reference/biconnector/connector/biconnector-connector-get.md,biconnector,Аня,ожидает,1,1,0,biconnector.connector.get
api-reference/biconnector/connector/biconnector-connector-list.md,biconnector,Аня,ожидает,1,1,0,biconnector.connector.list
api-reference/biconnector/connector/biconnector-connector-update.md,biconnector,Аня,ожидает,1,1,0,biconnector.connector.update
api-reference/biconnector/dataset/biconnector-dataset-add.md,biconnector,Аня,ожидает,1,1,0,biconnector.dataset.add
api-reference/biconnector/dataset/biconnector-dataset-delete.md,biconnector,Аня,ожидает,1,1,0,biconnector.dataset.delete
api-reference/biconnector/dataset/biconnector-dataset-fields-update.md,biconnector,Аня,ожидает,1,1,0,biconnector.dataset.fields.update
api-reference/biconnector/dataset/biconnector-dataset-fields.md,biconnector,Аня,ожидает,1,1,0,biconnector.dataset.fields
api-reference/biconnector/dataset/biconnector-dataset-get.md,biconnector,Аня,ожидает,1,1,0,biconnector.dataset.get
api-reference/biconnector/dataset/biconnector-dataset-list.md,biconnector,Аня,ожидает,1,1,0,biconnector.dataset.list
api-reference/biconnector/dataset/biconnector-dataset-update.md,biconnector,Аня,ожидает,1,1,0,biconnector.dataset.update
api-reference/biconnector/source/biconnector-source-add.md,biconnector,Аня,ожидает,1,1,0,biconnector.source.add
api-reference/biconnector/source/biconnector-source-delete.md,biconnector,Аня,ожидает,1,1,0,biconnector.source.delete
api-reference/biconnector/source/biconnector-source-fields.md,biconnector,Аня,ожидает,1,1,0,biconnector.source.fields
api-reference/biconnector/source/biconnector-source-get.md,biconnector,Аня,ожидает,1,1,0,biconnector.source.get
api-reference/biconnector/source/biconnector-source-list.md,biconnector,Аня,ожидает,1,1,0,biconnector.source.list
api-reference/biconnector/source/biconnector-source-update.md,biconnector,Аня,ожидает,1,1,0,biconnector.source.update
api-reference/bizproc/bizproc-activity/bizproc-activity-add.md,bizproc,Аня,ожидает,1,1,0,bizproc.activity.add
api-reference/bizproc/bizproc-activity/bizproc-activity-delete.md,bizproc,Аня,ожидает,1,1,0,bizproc.activity.delete
api-reference/bizproc/bizproc-activity/bizproc-activity-list.md,bizproc,Аня,ожидает,1,1,0,bizproc.activity.list
api-reference/bizproc/bizproc-activity/bizproc-activity-log.md,bizproc,Аня,ожидает,1,1,0,bizproc.activity.log
api-reference/bizproc/bizproc-activity/bizproc-activity-update.md,bizproc,Аня,ожидает,1,1,0,bizproc.activity.update
api-reference/bizproc/bizproc-robot/bizproc-event-send.md,bizproc,Аня,ожидает,1,1,0,bizproc.event.send
api-reference/bizproc/bizproc-robot/bizproc-robot-add.md,bizproc,Аня,ожидает,1,1,0,bizproc.robot.add
api-reference/bizproc/bizproc-robot/bizproc-robot-delete.md,bizproc,Аня,ожидает,1,1,0,bizproc.robot.delete
api-reference/bizproc/bizproc-robot/bizproc-robot-list.md,bizproc,Аня,ожидает,1,1,0,bizproc.robot.list
api-reference/bizproc/bizproc-robot/bizproc-robot-update.md,bizproc,Аня,ожидает,1,1,0,bizproc.robot.update
api-reference/bizproc/bizproc-task/bizproc-task-complete.md,bizproc,Аня,ожидает,1,1,0,bizproc.task.complete
api-reference/bizproc/bizproc-task/bizproc-task-delegate.md,bizproc,Аня,ожидает,1,1,0,bizproc.task.delegate
api-reference/bizproc/bizproc-task/bizproc-task-list.md,bizproc,Аня,ожидает,1,1,0,bizproc.task.list
api-reference/bizproc/bizproc-workflow-instances.md,bizproc,Аня,ожидает,1,1,0,bizproc.workflow.instances
api-reference/bizproc/bizproc-workflow-kill.md,bizproc,Аня,ожидает,1,1,0,bizproc.workflow.kill
api-reference/bizproc/bizproc-workflow-start.md,bizproc,Аня,ожидает,1,1,0,bizproc.workflow.start
api-reference/bizproc/bizproc-workflow-terminate.md,bizproc,Аня,ожидает,1,1,0,bizproc.workflow.terminate
api-reference/bizproc/template/bizproc-workflow-template-add.md,bizproc,Аня,ожидает,1,1,0,bizproc.workflow.template.add
api-reference/bizproc/template/bizproc-workflow-template-delete.md,bizproc,Аня,ожидает,1,1,0,bizproc.workflow.template.delete
api-reference/bizproc/template/bizproc-workflow-template-list.md,bizproc,Аня,ожидает,1,1,0,bizproc.workflow.template.list
api-reference/bizproc/template/bizproc-workflow-template-update.md,bizproc,Аня,ожидает,1,1,0,bizproc.workflow.template.update
api-reference/booking/booking/booking-v1-booking-add.md,booking,Владимир,ожидает,1,1,0,booking.v1.booking.add
api-reference/booking/booking/booking-v1-booking-createfromwaitlist.md,booking,Владимир,ожидает,1,1,0,booking.v1.booking.createfromwaitlist
api-reference/booking/booking/booking-v1-booking-delete.md,booking,Владимир,ожидает,1,1,0,booking.v1.booking.delete
api-reference/booking/booking/booking-v1-booking-get.md,booking,Владимир,ожидает,1,1,0,booking.v1.booking.get
api-reference/booking/booking/booking-v1-booking-list.md,booking,Владимир,ожидает,1,1,0,booking.v1.booking.list
api-reference/booking/booking/booking-v1-booking-update.md,booking,Владимир,ожидает,1,1,0,booking.v1.booking.update
api-reference/booking/booking/client/booking-v1-booking-client-list.md,booking,Владимир,ожидает,1,1,0,booking.v1.booking.client.list
api-reference/booking/booking/client/booking-v1-booking-client-set.md,booking,Владимир,ожидает,1,1,0,booking.v1.booking.client.set
api-reference/booking/booking/client/booking-v1-booking-client-unset.md,booking,Владимир,ожидает,1,1,0,booking.v1.booking.client.unset
api-reference/booking/booking/external-data/booking-v1-booking-externaldata-list.md,booking,Владимир,ожидает,1,1,0,booking.v1.booking.externalData.list
api-reference/booking/booking/external-data/booking-v1-booking-externaldata-set.md,booking,Владимир,ожидает,1,1,0,booking.v1.booking.externalData.set
api-reference/booking/booking/external-data/booking-v1-booking-externaldata-unset.md,booking,Владимир,ожидает,1,1,0,booking.v1.booking.externalData.unset
api-reference/booking/booking-v1-clienttype-list.md,booking,Владимир,ожидает,1,1,0,booking.v1.clienttype.list
api-reference/booking/resource/booking-v1-resource-add.md,booking,Владимир,ожидает,1,1,0,booking.v1.resource.add
api-reference/booking/resource/booking-v1-resource-delete.md,booking,Владимир,ожидает,1,1,0,booking.v1.resource.delete
api-reference/booking/resource/booking-v1-resource-get.md,booking,Владимир,ожидает,1,1,0,booking.v1.resource.get
api-reference/booking/resource/booking-v1-resource-list.md,booking,Владимир,ожидает,1,1,0,booking.v1.resource.list
api-reference/booking/resource/booking-v1-resource-update.md,booking,Владимир,ожидает,1,1,0,booking.v1.resource.update
api-reference/booking/resource/resource-type/booking-v1-resourcetype-add.md,booking,Владимир,ожидает,1,1,0,booking.v1.resourceType.add
api-reference/booking/resource/resource-type/booking-v1-resourcetype-delete.md,booking,Владимир,ожидает,1,1,0,booking.v1.resourceType.delete
api-reference/booking/resource/resource-type/booking-v1-resourcetype-get.md,booking,Владимир,ожидает,1,1,0,booking.v1.resourceType.get
api-reference/booking/resource/resource-type/booking-v1-resourcetype-list.md,booking,Владимир,ожидает,1,1,0,booking.v1.resourceType.list
api-reference/booking/resource/resource-type/booking-v1-resourcetype-update.md,booking,Владимир,ожидает,1,1,0,booking.v1.resourceType.update
api-reference/booking/resource/slots/booking-v1-resource-slots-list.md,booking,Владимир,ожидает,1,1,0,booking.v1.resource.slots.list
api-reference/booking/resource/slots/booking-v1-resource-slots-set.md,booking,Владимир,ожидает,1,1,0,booking.v1.resource.slots.set
api-reference/booking/resource/slots/booking-v1-resource-slots-unset.md,booking,Владимир,ожидает,1,1,0,booking.v1.resource.slots.unset
api-reference/booking/waitlist/booking-v1-waitlist-add.md,booking,Владимир,ожидает,1,1,0,booking.v1.waitlist.add
api-reference/booking/waitlist/booking-v1-waitlist-createfrombooking.md,booking,Владимир,ожидает,1,1,0,booking.v1.waitlist.createfrombooking
api-reference/booking/waitlist/booking-v1-waitlist-delete.md,booking,Владимир,ожидает,1,1,0,booking.v1.waitlist.delete
api-reference/booking/waitlist/booking-v1-waitlist-get.md,booking,Владимир,ожидает,1,1,0,booking.v1.waitlist.get
api-reference/booking/waitlist/booking-v1-waitlist-list.md,booking,Владимир,ожидает,1,1,0,booking.v1.waitlist.list
api-reference/booking/waitlist/booking-v1-waitlist-update.md,booking,Владимир,ожидает,1,1,0,booking.v1.waitlist.update
api-reference/booking/waitlist/client/booking-v1-waitlist-client-list.md,booking,Владимир,ожидает,1,1,0,booking.v1.waitlist.client.list
api-reference/booking/waitlist/client/booking-v1-waitlist-client-set.md,booking,Владимир,ожидает,1,1,0,booking.v1.waitlist.client.set
api-reference/booking/waitlist/client/booking-v1-waitlist-client-unset.md,booking,Владимир,ожидает,1,1,0,booking.v1.waitlist.client.unset
api-reference/booking/waitlist/external-data/booking-v1-waitlist-externaldata-list.md,booking,Владимир,ожидает,1,1,0,booking.v1.waitlist.externalData.list
api-reference/booking/waitlist/external-data/booking-v1-waitlist-externaldata-set.md,booking,Владимир,ожидает,1,1,0,booking.v1.waitlist.externalData.set
api-reference/booking/waitlist/external-data/booking-v1-waitlist-externaldata-unset.md,booking,Владимир,ожидает,1,1,0,booking.v1.waitlist.externalData.unset
api-reference/calendar/calendar-event/calendar-accessibility-get.md,calendar,Владимир,ожидает,1,1,0,calendar.accessibility.get
api-reference/calendar/calendar-event/calendar-event-add.md,calendar,Владимир,ожидает,2,2,0,calendar.event.add
api-reference/calendar/calendar-event/calendar-event-delete.md,calendar,Владимир,ожидает,1,1,0,calendar.event.delete
api-reference/calendar/calendar-event/calendar-event-get-by-id.md,calendar,Владимир,ожидает,1,1,0,calendar.event.getbyid
api-reference/calendar/calendar-event/calendar-event-update.md,calendar,Владимир,ожидает,1,1,0,calendar.event.update
api-reference/calendar/calendar-event/calendar-meeting-status-get.md,calendar,Владимир,ожидает,1,1,0,calendar.meeting.status.get
api-reference/calendar/calendar-event/calendar-meeting-status-set.md,calendar,Владимир,ожидает,1,1,0,calendar.meeting.status.set
api-reference/calendar/calendar-grid-view.md,calendar,Владимир,нужен разбор вручную,2,0,0,
api-reference/calendar/calendar-section-add.md,calendar,Владимир,ожидает,1,1,0,calendar.section.add
api-reference/calendar/calendar-section-delete.md,calendar,Владимир,ожидает,1,1,0,calendar.section.delete
api-reference/calendar/calendar-section-get.md,calendar,Владимир,ожидает,1,1,0,calendar.section.get
api-reference/calendar/calendar-section-update.md,calendar,Владимир,ожидает,1,1,0,calendar.section.update
api-reference/calendar/calendar-settings-get.md,calendar,Владимир,ожидает,1,1,0,calendar.settings.get
api-reference/calendar/calendar-user-settings-get.md,calendar,Владимир,ожидает,1,1,0,calendar.user.settings.get
api-reference/calendar/calendar-user-settings-set.md,calendar,Владимир,ожидает,1,1,0,calendar.user.settings.set
api-reference/calendar/resource/calendar-resource-add.md,calendar,Владимир,ожидает,1,1,0,calendar.resource.add
api-reference/calendar/resource/calendar-resource-booking-list.md,calendar,Владимир,ожидает,2,2,0,calendar.resource.booking.list
api-reference/calendar/resource/calendar-resource-delete.md,calendar,Владимир,ожидает,1,1,0,calendar.resource.delete
api-reference/calendar/resource/calendar-resource-list.md,calendar,Владимир,ожидает,1,1,0,calendar.resource.list
api-reference/calendar/resource/calendar-resource-update.md,calendar,Владимир,ожидает,1,1,0,calendar.resource.update
api-reference/catalog/catalog/catalog-catalog-get-fields.md,catalog,Аня,ожидает,1,1,0,catalog.catalog.getFields
api-reference/catalog/catalog/catalog-catalog-get.md,catalog,Аня,ожидает,1,1,0,catalog.catalog.get
api-reference/catalog/catalog/catalog-catalog-is-offers.md,catalog,Аня,ожидает,1,1,0,catalog.catalog.isOffers
api-reference/catalog/catalog/catalog-catalog-list.md,catalog,Аня,ожидает,1,1,0,catalog.catalog.list
api-reference/catalog/document/catalog-document-add.md,catalog,Аня,ожидает,1,1,0,catalog.document.add
api-reference/catalog/document/catalog-document-cancel-list.md,catalog,Аня,ожидает,1,1,0,catalog.document.cancelList
api-reference/catalog/document/catalog-document-cancel.md,catalog,Аня,ожидает,1,1,0,catalog.document.cancel
api-reference/catalog/document/catalog-document-conduct-list.md,catalog,Аня,ожидает,1,1,0,catalog.document.conductList
api-reference/catalog/document/catalog-document-conduct.md,catalog,Аня,ожидает,1,1,0,catalog.document.conduct
api-reference/catalog/document/catalog-document-delete-list.md,catalog,Аня,ожидает,1,1,0,catalog.document.deleteList
api-reference/catalog/document/catalog-document-delete.md,catalog,Аня,ожидает,1,1,0,catalog.document.delete
api-reference/catalog/document/catalog-document-get-fields.md,catalog,Аня,ожидает,1,1,0,catalog.document.getFields
api-reference/catalog/document/catalog-document-list.md,catalog,Аня,ожидает,1,1,0,catalog.document.list
api-reference/catalog/document/catalog-document-mode-status.md,catalog,Аня,ожидает,1,1,0,catalog.document.mode.status
api-reference/catalog/document/catalog-document-update.md,catalog,Аня,ожидает,1,1,0,catalog.document.update
api-reference/catalog/document/document-element/catalog-document-element-add.md,catalog,Аня,ожидает,1,1,0,catalog.document.element.add
api-reference/catalog/document/document-element/catalog-document-element-delete.md,catalog,Аня,ожидает,1,1,0,catalog.document.element.delete
api-reference/catalog/document/document-element/catalog-document-element-get-fields.md,catalog,Аня,ожидает,1,1,0,catalog.document.element.getFields
api-reference/catalog/document/document-element/catalog-document-element-list.md,catalog,Аня,ожидает,1,1,0,catalog.document.element.list
api-reference/catalog/document/document-element/catalog-document-element-update.md,catalog,Аня,ожидает,1,1,0,catalog.document.element.update
api-reference/catalog/document/outdated/catalog-document-confirm.md,catalog,Аня,ожидает,1,1,0,catalog.document.confirm
api-reference/catalog/document/outdated/catalog-document-element-fields.md,catalog,Аня,ожидает,1,1,0,catalog.document.element.fields
api-reference/catalog/document/outdated/catalog-document-fields.md,catalog,Аня,ожидает,1,1,0,catalog.document.fields
api-reference/catalog/document/outdated/catalog-document-unconfirm.md,catalog,Аня,ожидает,1,1,0,catalog.document.unconfirm
api-reference/catalog/documentcontractor/catalog-documentcontractor-add.md,catalog,Аня,ожидает,1,1,0,catalog.documentcontractor.add
api-reference/catalog/documentcontractor/catalog-documentcontractor-delete.md,catalog,Аня,ожидает,1,1,0,catalog.documentcontractor.delete
api-reference/catalog/documentcontractor/catalog-documentcontractor-get-fields.md,catalog,Аня,ожидает,1,1,0,catalog.documentcontractor.getFields
api-reference/catalog/documentcontractor/catalog-documentcontractor-list.md,catalog,Аня,ожидает,1,1,0,catalog.documentcontractor.list
api-reference/catalog/enum/catalog-enum-get-round-types.md,catalog,Аня,ожидает,1,1,0,catalog.enum.getRoundTypes
api-reference/catalog/enum/catalog-enum-get-store-document-types.md,catalog,Аня,ожидает,1,1,0,catalog.enum.getStoreDocumentTypes
api-reference/catalog/extra/catalog-extra-get-fields.md,catalog,Аня,ожидает,1,1,0,catalog.extra.getFields
api-reference/catalog/extra/catalog-extra-get.md,catalog,Аня,ожидает,1,1,0,catalog.extra.get
api-reference/catalog/extra/catalog-extra-list.md,catalog,Аня,ожидает,1,1,0,catalog.extra.list
api-reference/catalog/measure/catalog-measure-add.md,catalog,Аня,ожидает,1,1,0,catalog.measure.add
api-reference/catalog/measure/catalog-measure-delete.md,catalog,Аня,ожидает,1,1,0,catalog.measure.delete
api-reference/catalog/measure/catalog-measure-get-fields.md,catalog,Аня,ожидает,1,1,0,catalog.measure.getFields
api-reference/catalog/measure/catalog-measure-get.md,catalog,Аня,ожидает,1,1,0,catalog.measure.get
api-reference/catalog/measure/catalog-measure-list.md,catalog,Аня,ожидает,1,1,0,catalog.measure.list
api-reference/catalog/measure/catalog-measure-update.md,catalog,Аня,ожидает,1,1,0,catalog.measure.update
api-reference/catalog/price/catalog-price-add.md,catalog,Аня,ожидает,1,1,0,catalog.price.add
api-reference/catalog/price/catalog-price-delete.md,catalog,Аня,ожидает,1,1,0,catalog.price.delete
api-reference/catalog/price/catalog-price-get-fields.md,catalog,Аня,ожидает,1,1,0,catalog.price.getFields
api-reference/catalog/price/catalog-price-get.md,catalog,Аня,ожидает,1,1,0,catalog.price.get
api-reference/catalog/price/catalog-price-list.md,catalog,Аня,ожидает,1,1,0,catalog.price.list
api-reference/catalog/price/catalog-price-modify.md,catalog,Аня,ожидает,1,1,0,catalog.price.modify
api-reference/catalog/price/catalog-price-update.md,catalog,Аня,ожидает,1,1,0,catalog.price.update
api-reference/catalog/price-type/catalog-price-type-add.md,catalog,Аня,ожидает,1,1,0,catalog.priceType.add
api-reference/catalog/price-type/catalog-price-type-delete.md,catalog,Аня,ожидает,1,1,0,catalog.priceType.delete
api-reference/catalog/price-type/catalog-price-type-get-fields.md,catalog,Аня,ожидает,1,1,0,catalog.priceType.getFields
api-reference/catalog/price-type/catalog-price-type-get.md,catalog,Аня,ожидает,1,1,0,catalog.priceType.get
api-reference/catalog/price-type/catalog-price-type-list.md,catalog,Аня,ожидает,1,1,0,catalog.priceType.list
api-reference/catalog/price-type/catalog-price-type-update.md,catalog,Аня,ожидает,1,1,0,catalog.priceType.update
api-reference/catalog/price-type/price-type-group/catalog-price-type-group-add.md,catalog,Аня,ожидает,1,1,0,catalog.priceTypeGroup.add
api-reference/catalog/price-type/price-type-group/catalog-price-type-group-delete.md,catalog,Аня,ожидает,1,1,0,catalog.priceTypeGroup.delete
api-reference/catalog/price-type/price-type-group/catalog-price-type-group-get-fields.md,catalog,Аня,ожидает,1,1,0,catalog.priceTypeGroup.getFields
api-reference/catalog/price-type/price-type-group/catalog-price-type-group-list.md,catalog,Аня,ожидает,1,1,0,catalog.priceTypeGroup.list
api-reference/catalog/price-type/price-type-lang/catalog-price-type-lang-add.md,catalog,Аня,ожидает,1,1,0,catalog.priceTypeLang.add
api-reference/catalog/price-type/price-type-lang/catalog-price-type-lang-delete.md,catalog,Аня,ожидает,1,1,0,catalog.priceTypeLang.delete
api-reference/catalog/price-type/price-type-lang/catalog-price-type-lang-get-fields.md,catalog,Аня,ожидает,1,1,0,catalog.priceTypeLang.getFields
api-reference/catalog/price-type/price-type-lang/catalog-price-type-lang-get-languages.md,catalog,Аня,ожидает,1,1,0,catalog.priceTypeLang.getLanguages
api-reference/catalog/price-type/price-type-lang/catalog-price-type-lang-get.md,catalog,Аня,ожидает,1,1,0,catalog.priceTypeLang.get
api-reference/catalog/price-type/price-type-lang/catalog-price-type-lang-list.md,catalog,Аня,ожидает,1,1,0,catalog.priceTypeLang.list
api-reference/catalog/price-type/price-type-lang/catalog-price-type-lang-update.md,catalog,Аня,ожидает,1,1,0,catalog.priceTypeLang.update
api-reference/catalog/product/catalog-product-add.md,catalog,Аня,ожидает,1,1,0,catalog.product.add
api-reference/catalog/product/catalog-product-delete.md,catalog,Аня,ожидает,1,1,0,catalog.product.delete
api-reference/catalog/product/catalog-product-download.md,catalog,Аня,ожидает,1,1,0,catalog.product.download
api-reference/catalog/product/catalog-product-get-fields-by-filter.md,catalog,Аня,ожидает,1,1,0,catalog.product.getFieldsByFilter
api-reference/catalog/product/catalog-product-get.md,catalog,Аня,ожидает,1,1,0,catalog.product.get
api-reference/catalog/product/catalog-product-list.md,catalog,Аня,ожидает,1,1,0,catalog.product.list
api-reference/catalog/product/catalog-product-update.md,catalog,Аня,ожидает,1,1,0,catalog.product.update
api-reference/catalog/product/offer/catalog-product-offer-add.md,catalog,Аня,ожидает,1,1,0,catalog.product.offer.add
api-reference/catalog/product/offer/catalog-product-offer-delete.md,catalog,Аня,ожидает,1,1,0,catalog.product.offer.delete
api-reference/catalog/product/offer/catalog-product-offer-download.md,catalog,Аня,ожидает,1,1,0,catalog.product.offer.download
api-reference/catalog/product/offer/catalog-product-offer-get-fields-by-filter.md,catalog,Аня,ожидает,1,1,0,catalog.product.offer.getFieldsByFilter
api-reference/catalog/product/offer/catalog-product-offer-get.md,catalog,Аня,ожидает,1,1,0,catalog.product.offer.get
api-reference/catalog/product/offer/catalog-product-offer-list.md,catalog,Аня,ожидает,1,1,0,catalog.product.offer.list
api-reference/catalog/product/offer/catalog-product-offer-update.md,catalog,Аня,ожидает,1,1,0,catalog.product.offer.update
api-reference/catalog/product/service/catalog-product-service-add.md,catalog,Аня,ожидает,1,1,0,catalog.product.service.add
api-reference/catalog/product/service/catalog-product-service-delete.md,catalog,Аня,ожидает,1,1,0,catalog.product.service.delete
api-reference/catalog/product/service/catalog-product-service-download.md,catalog,Аня,ожидает,1,1,0,catalog.product.service.download
api-reference/catalog/product/service/catalog-product-service-get-fields-by-filter.md,catalog,Аня,ожидает,1,1,0,catalog.product.service.getFieldsByFilter
api-reference/catalog/product/service/catalog-product-service-get.md,catalog,Аня,ожидает,1,1,0,catalog.product.service.get
api-reference/catalog/product/service/catalog-product-service-list.md,catalog,Аня,ожидает,1,1,0,catalog.product.service.list
api-reference/catalog/product/service/catalog-product-service-update.md,catalog,Аня,ожидает,1,1,0,catalog.product.service.update
api-reference/catalog/product/sku/catalog-product-sku-add.md,catalog,Аня,ожидает,1,1,0,catalog.product.sku.add
api-reference/catalog/product/sku/catalog-product-sku-delete.md,catalog,Аня,ожидает,1,1,0,catalog.product.sku.delete
api-reference/catalog/product/sku/catalog-product-sku-download.md,catalog,Аня,ожидает,1,1,0,catalog.product.sku.download
api-reference/catalog/product/sku/catalog-product-sku-get-fields-by-filter.md,catalog,Аня,ожидает,1,1,0,catalog.product.sku.getFieldsByFilter
api-reference/catalog/product/sku/catalog-product-sku-get.md,catalog,Аня,ожидает,1,1,0,catalog.product.sku.get
api-reference/catalog/product/sku/catalog-product-sku-list.md,catalog,Аня,ожидает,1,1,0,catalog.product.sku.list
api-reference/catalog/product/sku/catalog-product-sku-update.md,catalog,Аня,ожидает,1,1,0,catalog.product.sku.update
api-reference/catalog/product-image/catalog-product-image-add.md,catalog,Аня,ожидает,1,1,0,catalog.productImage.add
api-reference/catalog/product-image/catalog-product-image-delete.md,catalog,Аня,ожидает,1,1,0,catalog.productImage.delete
api-reference/catalog/product-image/catalog-product-image-get-fields.md,catalog,Аня,ожидает,1,1,0,catalog.productImage.getFields
api-reference/catalog/product-image/catalog-product-image-get.md,catalog,Аня,ожидает,1,1,0,catalog.productImage.get
api-reference/catalog/product-image/catalog-product-image-list.md,catalog,Аня,ожидает,1,1,0,catalog.productImage.list
api-reference/catalog/product-property/catalog-product-property-add.md,catalog,Аня,ожидает,1,1,0,catalog.productProperty.add
api-reference/catalog/product-property/catalog-product-property-delete.md,catalog,Аня,ожидает,1,1,0,catalog.productProperty.delete
api-reference/catalog/product-property/catalog-product-property-get-fields.md,catalog,Аня,ожидает,1,1,0,catalog.productProperty.getFields
api-reference/catalog/product-property/catalog-product-property-get.md,catalog,Аня,ожидает,1,1,0,catalog.productProperty.get
api-reference/catalog/product-property/catalog-product-property-list.md,catalog,Аня,ожидает,1,1,0,catalog.productProperty.list
api-reference/catalog/product-property/catalog-product-property-update.md,catalog,Аня,ожидает,1,1,0,catalog.productProperty.update
api-reference/catalog/product-property-enum/catalog-product-property-enum-add.md,catalog,Аня,ожидает,1,1,0,catalog.productPropertyEnum.add
api-reference/catalog/product-property-enum/catalog-product-property-enum-delete.md,catalog,Аня,ожидает,1,1,0,catalog.productPropertyEnum.delete
api-reference/catalog/product-property-enum/catalog-product-property-enum-get-fields.md,catalog,Аня,ожидает,1,1,0,catalog.productPropertyEnum.getFields
api-reference/catalog/product-property-enum/catalog-product-property-enum-get.md,catalog,Аня,ожидает,1,1,0,catalog.productPropertyEnum.get
api-reference/catalog/product-property-enum/catalog-product-property-enum-list.md,catalog,Аня,ожидает,1,1,0,catalog.productPropertyEnum.list
api-reference/catalog/product-property-enum/catalog-product-property-enum-update.md,catalog,Аня,ожидает,1,1,0,catalog.productPropertyEnum.update
api-reference/catalog/product-property-feature/catalog-product-property-feature-add.md,catalog,Аня,ожидает,1,1,0,catalog.productPropertyFeature.add
api-reference/catalog/product-property-feature/catalog-product-property-feature-get-available-features-by-property.md,catalog,Аня,ожидает,1,1,0,catalog.productPropertyFeature.getAvailableFeaturesByProperty
api-reference/catalog/product-property-feature/catalog-product-property-feature-get-fields.md,catalog,Аня,ожидает,1,1,0,catalog.productPropertyFeature.getFields
api-reference/catalog/product-property-feature/catalog-product-property-feature-get.md,catalog,Аня,ожидает,1,1,0,catalog.productPropertyFeature.get
api-reference/catalog/product-property-feature/catalog-product-property-feature-list.md,catalog,Аня,ожидает,1,1,0,catalog.productPropertyFeature.list
api-reference/catalog/product-property-feature/catalog-product-property-feature-update.md,catalog,Аня,ожидает,1,1,0,catalog.productPropertyFeature.update
api-reference/catalog/product-property-section/catalog-product-property-section-get.md,catalog,Аня,ожидает,1,1,0,catalog.productPropertySection.get
api-reference/catalog/product-property-section/catalog-product-property-section-list.md,catalog,Аня,ожидает,1,1,0,catalog.productPropertySection.list
api-reference/catalog/product-property-section/catalog-product-property-section-set.md,catalog,Аня,ожидает,1,1,0,catalog.productPropertySection.set
api-reference/catalog/ratio/catalog-ratio-get-fields.md,catalog,Аня,ожидает,1,1,0,catalog.ratio.getFields
api-reference/catalog/ratio/catalog-ratio-get.md,catalog,Аня,ожидает,1,1,0,catalog.ratio.get
api-reference/catalog/ratio/catalog-ratio-list.md,catalog,Аня,ожидает,1,1,0,catalog.ratio.list
api-reference/catalog/rounding-rule/catalog-rounding-rule-add.md,catalog,Аня,ожидает,1,1,0,catalog.roundingRule.add
api-reference/catalog/rounding-rule/catalog-rounding-rule-delete.md,catalog,Аня,ожидает,1,1,0,catalog.roundingRule.delete
api-reference/catalog/rounding-rule/catalog-rounding-rule-get-fields.md,catalog,Аня,ожидает,1,1,0,catalog.roundingRule.getFields
api-reference/catalog/rounding-rule/catalog-rounding-rule-get.md,catalog,Аня,ожидает,1,1,0,catalog.roundingRule.get
api-reference/catalog/rounding-rule/catalog-rounding-rule-list.md,catalog,Аня,ожидает,1,1,0,catalog.roundingrule.list
api-reference/catalog/rounding-rule/catalog-rounding-rule-update.md,catalog,Аня,ожидает,1,1,0,catalog.roundingRule.update
api-reference/catalog/section/catalog-section-add.md,catalog,Аня,ожидает,1,1,0,catalog.section.add
api-reference/catalog/section/catalog-section-delete.md,catalog,Аня,ожидает,1,1,0,catalog.section.delete
api-reference/catalog/section/catalog-section-get-fields.md,catalog,Аня,ожидает,1,1,0,catalog.section.getFields
api-reference/catalog/section/catalog-section-get.md,catalog,Аня,ожидает,1,1,0,catalog.section.get
api-reference/catalog/section/catalog-section-list.md,catalog,Аня,ожидает,1,1,0,catalog.section.list
api-reference/catalog/section/catalog-section-update.md,catalog,Аня,ожидает,1,1,0,catalog.section.update
api-reference/catalog/store/catalog-store-add.md,catalog,Аня,ожидает,1,1,0,catalog.store.add
api-reference/catalog/store/catalog-store-delete.md,catalog,Аня,ожидает,1,1,0,catalog.store.delete
api-reference/catalog/store/catalog-store-get-fields.md,catalog,Аня,ожидает,1,1,0,catalog.store.getFields
api-reference/catalog/store/catalog-store-get.md,catalog,Аня,ожидает,1,1,0,catalog.store.get
api-reference/catalog/store/catalog-store-list.md,catalog,Аня,ожидает,1,1,0,catalog.store.list
api-reference/catalog/store/catalog-store-update.md,catalog,Аня,ожидает,1,1,0,catalog.store.update
api-reference/catalog/store-product/catalog-store-product-get-fields.md,catalog,Аня,ожидает,1,1,0,catalog.storeproduct.getFields
api-reference/catalog/store-product/catalog-store-product-get.md,catalog,Аня,ожидает,1,1,0,catalog.storeproduct.get
api-reference/catalog/store-product/catalog-store-product-list.md,catalog,Аня,ожидает,1,1,0,catalog.storeproduct.list
api-reference/catalog/userfield-document/catalog-userfield-document-list.md,catalog,Аня,ожидает,1,1,0,catalog.userfield.document.list
api-reference/catalog/userfield-document/catalog-userfield-document-update.md,catalog,Аня,ожидает,1,1,0,catalog.userfield.document.update
api-reference/catalog/vat/catalog-vat-add.md,catalog,Аня,ожидает,1,1,0,catalog.vat.add
api-reference/catalog/vat/catalog-vat-delete.md,catalog,Аня,ожидает,1,1,0,catalog.vat.delete
api-reference/catalog/vat/catalog-vat-get-fields.md,catalog,Аня,ожидает,1,1,0,catalog.vat.getFields
api-reference/catalog/vat/catalog-vat-get.md,catalog,Аня,ожидает,1,1,0,catalog.vat.get
api-reference/catalog/vat/catalog-vat-list.md,catalog,Аня,ожидает,1,1,0,catalog.vat.list
api-reference/catalog/vat/catalog-vat-update.md,catalog,Аня,ожидает,1,1,0,catalog.vat.update
api-reference/chat-bots/chat-bots-v2/im.v2/events/event-get.md,chat-bots,Аня,ожидает,1,1,0,im.v2.Event.get
api-reference/chat-bots/chat-bots-v2/im.v2/events/event-subscribe.md,chat-bots,Аня,ожидает,1,1,0,im.v2.Event.subscribe
api-reference/chat-bots/chat-bots-v2/im.v2/events/event-unsubscribe.md,chat-bots,Аня,ожидает,1,1,0,im.v2.Event.unsubscribe
api-reference/chat-bots/chat-bots-v2/im.v2/files/file-download.md,chat-bots,Аня,ожидает,1,1,0,im.v2.File.download
api-reference/chat-bots/chat-bots-v2/im.v2/files/file-upload.md,chat-bots,Аня,ожидает,1,1,0,im.v2.File.upload
api-reference/chat-bots/chat-bots-v2/imbot.v2/bots/bot-get.md,chat-bots,Аня,ожидает,1,1,0,imbot.v2.Bot.get
api-reference/chat-bots/chat-bots-v2/imbot.v2/bots/bot-list.md,chat-bots,Аня,ожидает,1,1,0,imbot.v2.Bot.list
api-reference/chat-bots/chat-bots-v2/imbot.v2/bots/bot-register.md,chat-bots,Аня,ожидает,1,1,0,imbot.v2.Bot.register
api-reference/chat-bots/chat-bots-v2/imbot.v2/bots/bot-unregister.md,chat-bots,Аня,ожидает,1,1,0,imbot.v2.Bot.unregister
api-reference/chat-bots/chat-bots-v2/imbot.v2/bots/bot-update.md,chat-bots,Аня,ожидает,1,1,0,imbot.v2.Bot.update
api-reference/chat-bots/chat-bots-v2/imbot.v2/chats/chat-add.md,chat-bots,Аня,ожидает,1,1,0,imbot.v2.Chat.add
api-reference/chat-bots/chat-bots-v2/imbot.v2/chats/chat-get.md,chat-bots,Аня,ожидает,1,1,0,imbot.v2.Chat.get
api-reference/chat-bots/chat-bots-v2/imbot.v2/chats/chat-leave.md,chat-bots,Аня,ожидает,1,1,0,imbot.v2.Chat.leave
api-reference/chat-bots/chat-bots-v2/imbot.v2/chats/chat-manager-add.md,chat-bots,Аня,ожидает,1,1,0,imbot.v2.Chat.Manager.add
api-reference/chat-bots/chat-bots-v2/imbot.v2/chats/chat-manager-delete.md,chat-bots,Аня,ожидает,1,1,0,imbot.v2.Chat.Manager.delete
api-reference/chat-bots/chat-bots-v2/imbot.v2/chats/chat-set-owner.md,chat-bots,Аня,ожидает,1,1,0,imbot.v2.Chat.setOwner
api-reference/chat-bots/chat-bots-v2/imbot.v2/chats/chat-update.md,chat-bots,Аня,ожидает,1,1,0,imbot.v2.Chat.update
api-reference/chat-bots/chat-bots-v2/imbot.v2/chats/chat-user-add.md,chat-bots,Аня,ожидает,1,1,0,imbot.v2.Chat.User.add
api-reference/chat-bots/chat-bots-v2/imbot.v2/chats/chat-user-delete.md,chat-bots,Аня,ожидает,1,1,0,imbot.v2.Chat.User.delete
api-reference/chat-bots/chat-bots-v2/imbot.v2/chats/chat-user-list.md,chat-bots,Аня,ожидает,1,1,0,imbot.v2.Chat.User.list
api-reference/chat-bots/chat-bots-v2/imbot.v2/commands/command-answer.md,chat-bots,Аня,ожидает,1,1,0,imbot.v2.Command.answer
api-reference/chat-bots/chat-bots-v2/imbot.v2/commands/command-list.md,chat-bots,Аня,ожидает,1,1,0,imbot.v2.Command.list
api-reference/chat-bots/chat-bots-v2/imbot.v2/commands/command-register.md,chat-bots,Аня,ожидает,1,1,0,imbot.v2.Command.register
api-reference/chat-bots/chat-bots-v2/imbot.v2/commands/command-unregister.md,chat-bots,Аня,ожидает,1,1,0,imbot.v2.Command.unregister
api-reference/chat-bots/chat-bots-v2/imbot.v2/commands/command-update.md,chat-bots,Аня,ожидает,2,2,0,imbot.v2.Command.update
api-reference/chat-bots/chat-bots-v2/imbot.v2/events/event-get.md,chat-bots,Аня,ожидает,2,2,0,imbot.v2.Event.get
api-reference/chat-bots/chat-bots-v2/imbot.v2/files/file-download.md,chat-bots,Аня,ожидает,1,1,0,imbot.v2.File.download
api-reference/chat-bots/chat-bots-v2/imbot.v2/files/file-upload.md,chat-bots,Аня,ожидает,1,1,0,imbot.v2.File.upload
api-reference/chat-bots/chat-bots-v2/imbot.v2/messages/attachments/block-collections/delimiter.md,chat-bots,Аня,нужен разбор вручную,1,0,0,
api-reference/chat-bots/chat-bots-v2/imbot.v2/messages/attachments/block-collections/files.md,chat-bots,Аня,нужен разбор вручную,1,0,0,
api-reference/chat-bots/chat-bots-v2/imbot.v2/messages/attachments/block-collections/grid.md,chat-bots,Аня,нужен разбор вручную,4,0,0,
api-reference/chat-bots/chat-bots-v2/imbot.v2/messages/attachments/block-collections/images.md,chat-bots,Аня,нужен разбор вручную,1,0,0,
api-reference/chat-bots/chat-bots-v2/imbot.v2/messages/attachments/block-collections/links.md,chat-bots,Аня,нужен разбор вручную,1,0,0,
api-reference/chat-bots/chat-bots-v2/imbot.v2/messages/attachments/block-collections/text.md,chat-bots,Аня,нужен разбор вручную,1,0,0,
api-reference/chat-bots/chat-bots-v2/imbot.v2/messages/attachments/block-collections/user.md,chat-bots,Аня,нужен разбор вручную,1,0,0,
api-reference/chat-bots/chat-bots-v2/imbot.v2/messages/attachments/constructor.md,chat-bots,Аня,ожидает,2,2,0,imbot.v2.Chat.Message.send
api-reference/chat-bots/chat-bots-v2/imbot.v2/messages/attachments/index.md,chat-bots,Аня,нужен разбор вручную,4,2,0,imbot.v2.Chat.Message.send
api-reference/chat-bots/chat-bots-v2/imbot.v2/messages/chat-message-delete.md,chat-bots,Аня,ожидает,1,1,0,imbot.v2.Chat.Message.delete
api-reference/chat-bots/chat-bots-v2/imbot.v2/messages/chat-message-get-context.md,chat-bots,Аня,ожидает,1,1,0,imbot.v2.Chat.Message.getContext
api-reference/chat-bots/chat-bots-v2/imbot.v2/messages/chat-message-get.md,chat-bots,Аня,ожидает,1,1,0,imbot.v2.Chat.Message.get
api-reference/chat-bots/chat-bots-v2/imbot.v2/messages/chat-message-reaction-add.md,chat-bots,Аня,ожидает,1,1,0,imbot.v2.Chat.Message.Reaction.add
api-reference/chat-bots/chat-bots-v2/imbot.v2/messages/chat-message-reaction-delete.md,chat-bots,Аня,ожидает,1,1,0,imbot.v2.Chat.Message.Reaction.delete
api-reference/chat-bots/chat-bots-v2/imbot.v2/messages/chat-message-read.md,chat-bots,Аня,ожидает,1,1,0,imbot.v2.Chat.Message.read
api-reference/chat-bots/chat-bots-v2/imbot.v2/messages/chat-message-send.md,chat-bots,Аня,ожидает,1,1,0,imbot.v2.Chat.Message.send
api-reference/chat-bots/chat-bots-v2/imbot.v2/messages/chat-message-update.md,chat-bots,Аня,ожидает,1,1,0,imbot.v2.Chat.Message.update
api-reference/chat-bots/chat-bots-v2/imbot.v2/messages/message-formatting.md,chat-bots,Аня,ожидает,1,1,0,imbot.v2.Chat.Message.send
api-reference/chat-bots/chat-bots-v2/imbot.v2/messages/message-keyboards.md,chat-bots,Аня,ожидает,1,1,0,imbot.v2.Chat.Message.send
api-reference/chat-bots/chat-bots-v2/imbot.v2/revision-get.md,chat-bots,Аня,ожидает,1,1,0,imbot.v2.Revision.get
api-reference/chat-bots/chat-bots-v2/imbot.v2/ui/chat-input-action-notify.md,chat-bots,Аня,ожидает,1,1,0,imbot.v2.Chat.InputAction.notify
api-reference/chat-bots/chat-bots-v2/imbot.v2/ui/chat-text-field-enabled.md,chat-bots,Аня,ожидает,1,1,0,imbot.v2.Chat.TextField.enabled
api-reference/chat-bots/outdated/bots/imbot-bot-list.md,chat-bots,Аня,ожидает,1,1,0,imbot.bot.list
api-reference/chat-bots/outdated/bots/imbot-register.md,chat-bots,Аня,ожидает,1,1,0,imbot.register
api-reference/chat-bots/outdated/bots/imbot-unregister.md,chat-bots,Аня,ожидает,1,1,0,imbot.unregister
api-reference/chat-bots/outdated/bots/imbot-update.md,chat-bots,Аня,ожидает,1,1,0,imbot.update
api-reference/chat-bots/outdated/chats/imbot-chat-add.md,chat-bots,Аня,ожидает,1,1,0,imbot.chat.add
api-reference/chat-bots/outdated/chats/imbot-chat-get.md,chat-bots,Аня,ожидает,1,1,0,imbot.chat.get
api-reference/chat-bots/outdated/chats/imbot-chat-leave.md,chat-bots,Аня,ожидает,1,1,0,imbot.chat.leave
api-reference/chat-bots/outdated/chats/imbot-chat-send-typing.md,chat-bots,Аня,ожидает,1,1,0,imbot.chat.sendTyping
api-reference/chat-bots/outdated/chats/imbot-chat-set-manager.md,chat-bots,Аня,ожидает,1,1,0,imbot.chat.setManager
api-reference/chat-bots/outdated/chats/imbot-chat-set-owner.md,chat-bots,Аня,ожидает,1,1,0,imbot.chat.setOwner
api-reference/chat-bots/outdated/chats/imbot-chat-update-avatar.md,chat-bots,Аня,ожидает,1,1,0,imbot.chat.updateAvatar
api-reference/chat-bots/outdated/chats/imbot-chat-update-color.md,chat-bots,Аня,ожидает,1,1,0,imbot.chat.updateColor
api-reference/chat-bots/outdated/chats/imbot-chat-update-title.md,chat-bots,Аня,ожидает,1,1,0,imbot.chat.updateTitle
api-reference/chat-bots/outdated/chats/imbot-chat-user-add.md,chat-bots,Аня,ожидает,1,1,0,imbot.chat.user.add
api-reference/chat-bots/outdated/chats/imbot-chat-user-delete.md,chat-bots,Аня,ожидает,1,1,0,imbot.chat.user.delete
api-reference/chat-bots/outdated/chats/imbot-chat-user-list.md,chat-bots,Аня,ожидает,1,1,0,imbot.chat.user.list
api-reference/chat-bots/outdated/chats/imbot-dialog-get.md,chat-bots,Аня,ожидает,1,1,0,imbot.dialog.get
api-reference/chat-bots/outdated/commands/imbot-command-answer.md,chat-bots,Аня,ожидает,1,1,0,imbot.command.answer
api-reference/chat-bots/outdated/commands/imbot-command-register.md,chat-bots,Аня,ожидает,1,1,0,imbot.command.register
api-reference/chat-bots/outdated/commands/imbot-command-unregister.md,chat-bots,Аня,ожидает,1,1,0,imbot.command.unregister
api-reference/chat-bots/outdated/commands/imbot-command-update.md,chat-bots,Аня,ожидает,1,1,0,imbot.command.update
api-reference/chat-bots/outdated/messages/imbot-message-add.md,chat-bots,Аня,ожидает,1,1,0,imbot.message.add
api-reference/chat-bots/outdated/messages/imbot-message-delete.md,chat-bots,Аня,ожидает,1,1,0,imbot.message.delete
api-reference/chat-bots/outdated/messages/imbot-message-like.md,chat-bots,Аня,ожидает,1,1,0,imbot.message.like
api-reference/chat-bots/outdated/messages/imbot-message-update.md,chat-bots,Аня,ожидает,1,1,0,imbot.message.update
api-reference/chat-bots/outdated/send-command.md,chat-bots,Аня,ожидает,1,1,0,imbot.message.add
api-reference/chat-bots/send-command.md,chat-bots,Аня,ожидает,1,1,0,imbot.v2.Chat.Message.send
api-reference/chats/chat-update/im-chat-set-owner.md,chats,Аня,ожидает,1,1,0,im.chat.setOwner
api-reference/chats/chat-update/im-chat-update-avatar.md,chats,Аня,ожидает,1,1,0,im.chat.updateAvatar
api-reference/chats/chat-update/im-chat-update-color.md,chats,Аня,ожидает,1,1,0,im.chat.updateColor
api-reference/chats/chat-update/im-chat-update-title.md,chats,Аня,ожидает,1,1,0,im.chat.updateTitle
api-reference/chats/chat-users/im-chat-leave.md,chats,Аня,ожидает,1,1,0,im.chat.leave
api-reference/chats/chat-users/im-chat-user-add.md,chats,Аня,ожидает,1,1,0,im.chat.user.add
api-reference/chats/chat-users/im-chat-user-delete.md,chats,Аня,ожидает,1,1,0,im.chat.user.delete
api-reference/chats/chat-users/im-chat-user-list.md,chats,Аня,ожидает,1,1,0,im.chat.user.list
api-reference/chats/chat-users/im-dialog-users-list.md,chats,Аня,ожидает,1,1,0,im.dialog.users.list
api-reference/chats/departments/im-department-colleagues-list.md,chats,Аня,ожидает,1,1,0,im.department.colleagues.list
api-reference/chats/departments/im-department-employees-get.md,chats,Аня,ожидает,1,1,0,im.department.employees.get
api-reference/chats/departments/im-department-get.md,chats,Аня,ожидает,1,1,0,im.department.get
api-reference/chats/departments/im-department-managers-get.md,chats,Аня,ожидает,1,1,0,im.department.managers.get
api-reference/chats/files/im-disk-file-commit.md,chats,Аня,ожидает,1,1,0,im.disk.file.commit
api-reference/chats/files/im-disk-file-delete.md,chats,Аня,ожидает,1,1,0,im.disk.file.delete
api-reference/chats/files/im-disk-file-save.md,chats,Аня,ожидает,1,1,0,im.disk.file.save
api-reference/chats/files/im-disk-folder-get.md,chats,Аня,ожидает,1,1,0,im.disk.folder.get
api-reference/chats/im-chat-add.md,chats,Аня,ожидает,1,1,0,im.chat.add
api-reference/chats/im-chat-get.md,chats,Аня,ожидает,1,1,0,im.chat.get
api-reference/chats/im-counters-get.md,chats,Аня,ожидает,1,1,0,im.counters.get
api-reference/chats/im-dialog-get.md,chats,Аня,ожидает,1,1,0,im.dialog.get
api-reference/chats/im-recent-get.md,chats,Аня,ожидает,1,1,0,im.recent.get
api-reference/chats/im-recent-list.md,chats,Аня,ожидает,1,1,0,im.recent.list
api-reference/chats/im-revision-get.md,chats,Аня,ожидает,1,1,0,im.revision.get
api-reference/chats/messages/attachments.md,chats,Аня,ожидает,1,1,0,im.message.add
api-reference/chats/messages/formatting.md,chats,Аня,ожидает,1,1,0,im.message.add
api-reference/chats/messages/im-dialog-messages-get.md,chats,Аня,ожидает,1,1,0,im.dialog.messages.get
api-reference/chats/messages/im-dialog-messages-search.md,chats,Аня,ожидает,1,1,0,im.dialog.messages.search
api-reference/chats/messages/im-dialog-read.md,chats,Аня,ожидает,1,1,0,im.dialog.read
api-reference/chats/messages/im-dialog-unread.md,chats,Аня,ожидает,1,1,0,im.dialog.unread
api-reference/chats/messages/im-dialog-writing.md,chats,Аня,ожидает,1,1,0,im.dialog.writing
api-reference/chats/messages/im-message-add.md,chats,Аня,ожидает,1,1,0,im.message.add
api-reference/chats/messages/im-message-command.md,chats,Аня,ожидает,1,1,0,im.message.command
api-reference/chats/messages/im-message-delete.md,chats,Аня,ожидает,1,1,0,im.message.delete
api-reference/chats/messages/im-message-like.md,chats,Аня,ожидает,1,1,0,im.message.like
api-reference/chats/messages/im-message-share.md,chats,Аня,ожидает,1,1,0,im.message.share
api-reference/chats/messages/im-message-update.md,chats,Аня,ожидает,1,1,0,im.message.update
api-reference/chats/messages/keyboards.md,chats,Аня,ожидает,1,1,0,im.message.add
api-reference/chats/messages/menu.md,chats,Аня,ожидает,1,1,0,im.message.add
api-reference/chats/notifications/im-notify-answer.md,chats,Аня,ожидает,1,1,0,im.notify.answer
api-reference/chats/notifications/im-notify-confirm.md,chats,Аня,ожидает,1,1,0,im.notify.confirm
api-reference/chats/notifications/im-notify-delete.md,chats,Аня,ожидает,1,1,0,im.notify.delete
api-reference/chats/notifications/im-notify-get.md,chats,Аня,ожидает,1,1,0,im.notify.get
api-reference/chats/notifications/im-notify-history-search.md,chats,Аня,ожидает,1,1,0,im.notify.history.search
api-reference/chats/notifications/im-notify-personal-add.md,chats,Аня,ожидает,1,1,0,im.notify.personal.add
api-reference/chats/notifications/im-notify-read-all.md,chats,Аня,ожидает,1,1,0,im.notify.read.all
api-reference/chats/notifications/im-notify-read-list.md,chats,Аня,ожидает,1,1,0,im.notify.read.list
api-reference/chats/notifications/im-notify-read.md,chats,Аня,ожидает,1,1,0,im.notify.read
api-reference/chats/notifications/im-notify-schema-get.md,chats,Аня,ожидает,1,1,0,im.notify.schema.get
api-reference/chats/notifications/im-notify-system-add.md,chats,Аня,ожидает,1,1,0,im.notify.system.add
api-reference/chats/notifications/im-notify.md,chats,Аня,ожидает,1,1,0,im.notify
api-reference/chats/outdated/context.md,chats,Аня,нужен разбор вручную,1,0,0,
api-reference/chats/outdated/create-app/imbot-app-register.md,chats,Аня,нужен разбор вручную,2,0,0,
api-reference/chats/outdated/create-app/imbot-app-unregister.md,chats,Аня,нужен разбор вручную,1,0,0,
api-reference/chats/outdated/create-app/imbot-app-update.md,chats,Аня,нужен разбор вручную,1,0,0,
api-reference/chats/search/im-search-chat-list.md,chats,Аня,ожидает,1,1,0,im.search.chat.list
api-reference/chats/search/im-search-department-list.md,chats,Аня,ожидает,1,1,0,im.search.department.list
api-reference/chats/search/im-search-last-add.md,chats,Аня,ожидает,1,1,0,im.search.last.add
api-reference/chats/search/im-search-last-delete.md,chats,Аня,ожидает,1,1,0,im.search.last.delete
api-reference/chats/search/im-search-last-get.md,chats,Аня,ожидает,1,1,0,im.search.last.get
api-reference/chats/search/im-search-user-list.md,chats,Аня,ожидает,1,1,0,im.search.user.list
api-reference/chats/special-operations/im-chat-mute.md,chats,Аня,ожидает,1,1,0,im.chat.mute
api-reference/chats/special-operations/im-dialog-read-all.md,chats,Аня,ожидает,1,1,0,im.dialog.read.all
api-reference/chats/special-operations/im-recent-hide.md,chats,Аня,ожидает,1,1,0,im.recent.hide
api-reference/chats/special-operations/im-recent-pin.md,chats,Аня,ожидает,1,1,0,im.recent.pin
api-reference/chats/special-operations/im-recent-unread.md,chats,Аня,ожидает,1,1,0,im.recent.unread
api-reference/chats/users/im-user-get.md,chats,Аня,ожидает,1,1,0,im.user.get
api-reference/chats/users/im-user-list-get.md,chats,Аня,ожидает,1,1,0,im.user.list.get
api-reference/chats/users/im-user-status-get.md,chats,Аня,ожидает,1,1,0,im.user.status.get
api-reference/chats/users/im-user-status-idle-end.md,chats,Аня,ожидает,1,1,0,im.user.status.idle.end
api-reference/chats/users/im-user-status-idle-start.md,chats,Аня,ожидает,1,1,0,im.user.status.idle.start
api-reference/chats/users/im-user-status-set.md,chats,Аня,ожидает,1,1,0,im.user.status.set
api-reference/common/settings/app-option-get.md,common,Аня,ожидает,1,1,0,app.option.get
api-reference/common/settings/app-option-set.md,common,Аня,ожидает,1,1,0,app.option.set
api-reference/common/settings/user-option-get.md,common,Аня,ожидает,1,1,0,user.option.get
api-reference/common/settings/user-option-set.md,common,Аня,ожидает,1,1,0,user.option.set
api-reference/common/system/access-name.md,common,Аня,ожидает,1,1,0,access.name
api-reference/common/system/app-info.md,common,Аня,ожидает,1,1,0,app.info
api-reference/common/system/feature-get.md,common,Аня,ожидает,1,1,0,feature.get
api-reference/common/system/method-get.md,common,Аня,ожидает,1,1,0,method.get
api-reference/common/system/methods.md,common,Аня,нужен разбор вручную,1,0,0,
api-reference/common/system/scope.md,common,Аня,нужен разбор вручную,1,0,0,
api-reference/common/system/server-time.md,common,Аня,ожидает,1,1,0,server.time
api-reference/common/users/profile.md,common,Аня,нужен разбор вручную,1,0,0,
api-reference/common/users/user-access.md,common,Аня,ожидает,1,1,0,user.access
api-reference/common/users/user-admin.md,common,Аня,ожидает,1,1,0,user.admin
api-reference/crm/automated-solution/crm-automated-solution-delete.md,crm,Владимир,ожидает,1,1,0,crm.automatedsolution.delete
api-reference/crm/automated-solution/crm-automated-solution-fields.md,crm,Владимир,ожидает,1,1,0,crm.automatedsolution.fields
api-reference/crm/automated-solution/crm-automated-solution-get.md,crm,Владимир,ожидает,1,1,0,crm.automatedsolution.get
api-reference/crm/automation/crm-automation-trigger.md,crm,Владимир,ожидает,1,1,0,crm.automation.trigger
api-reference/crm/automation/triggers/crm-automation-trigger-add.md,crm,Владимир,ожидает,1,1,0,crm.automation.trigger.add
api-reference/crm/automation/triggers/crm-automation-trigger-delete.md,crm,Владимир,ожидает,1,1,0,crm.automation.trigger.delete
api-reference/crm/automation/triggers/crm-automation-trigger-execute.md,crm,Владимир,ожидает,1,1,0,crm.automation.trigger.execute
api-reference/crm/automation/triggers/crm-automation-trigger-list.md,crm,Владимир,ожидает,1,1,0,crm.automation.trigger.list
api-reference/crm/auxiliary/enum/crm-enum-address-type.md,crm,Владимир,ожидает,1,1,0,crm.enum.addresstype
api-reference/crm/auxiliary/enum/crm-enum-fields.md,crm,Владимир,ожидает,1,1,0,crm.enum.fields
api-reference/crm/auxiliary/enum/crm-enum-get-order-owner-types.md,crm,Владимир,ожидает,1,1,0,crm.enum.getorderownertypes
api-reference/crm/auxiliary/enum/crm-enum-owner-type.md,crm,Владимир,ожидает,1,1,0,crm.enum.ownertype
api-reference/crm/auxiliary/enum/crm-enum-settings-mode.md,crm,Владимир,ожидает,1,1,0,crm.enum.settings.mode
api-reference/crm/auxiliary/enum/outdated/crm-enum-activity-direction.md,crm,Владимир,ожидает,1,1,0,crm.enum.activitydirection
api-reference/crm/auxiliary/enum/outdated/crm-enum-activity-notify-type.md,crm,Владимир,ожидает,1,1,0,crm.enum.activitynotifytype
api-reference/crm/auxiliary/enum/outdated/crm-enum-activity-priority.md,crm,Владимир,ожидает,1,1,0,crm.enum.activitypriority
api-reference/crm/auxiliary/enum/outdated/crm-enum-activity-status.md,crm,Владимир,ожидает,1,1,0,crm.enum.activitystatus
api-reference/crm/auxiliary/enum/outdated/crm-enum-activity-type.md,crm,Владимир,ожидает,1,1,0,crm.enum.activitytype
api-reference/crm/auxiliary/enum/outdated/crm-enum-content-type.md,crm,Владимир,ожидает,1,1,0,crm.enum.contenttype
api-reference/crm/auxiliary/multifield/crm-multifield-fields.md,crm,Владимир,ожидает,1,1,0,crm.multifield.fields
api-reference/crm/call-list/crm-calllist-add.md,crm,Владимир,ожидает,1,1,0,crm.calllist.add
api-reference/crm/call-list/crm-calllist-get.md,crm,Владимир,ожидает,1,1,0,crm.calllist.get
api-reference/crm/call-list/crm-calllist-items-get.md,crm,Владимир,ожидает,1,1,0,crm.calllist.items.get
api-reference/crm/call-list/crm-calllist-list.md,crm,Владимир,ожидает,1,1,0,crm.calllist.list
api-reference/crm/call-list/crm-calllist-statuslist.md,crm,Владимир,ожидает,1,1,0,crm.calllist.statuslist
api-reference/crm/call-list/crm-calllist-update.md,crm,Владимир,ожидает,1,1,0,crm.calllist.update
api-reference/crm/call-list/index.md,crm,Владимир,нужен разбор вручную,1,0,0,
api-reference/crm/companies/contacts/crm-company-contact-add.md,crm,Владимир,ожидает,1,1,0,crm.company.contact.add
api-reference/crm/companies/contacts/crm-company-contact-delete.md,crm,Владимир,ожидает,1,1,0,crm.company.contact.delete
api-reference/crm/companies/contacts/crm-company-contact-fields.md,crm,Владимир,ожидает,1,1,0,crm.company.contact.fields
api-reference/crm/companies/contacts/crm-company-contact-items-delete.md,crm,Владимир,ожидает,1,1,0,crm.company.contact.items.delete
api-reference/crm/companies/contacts/crm-company-contact-items-get.md,crm,Владимир,ожидает,1,1,0,crm.company.contact.items.get
api-reference/crm/companies/contacts/crm-company-contact-items-set.md,crm,Владимир,ожидает,1,1,0,crm.company.contact.items.set
api-reference/crm/companies/crm-company-add.md,crm,Владимир,ожидает,1,1,0,crm.company.add
api-reference/crm/companies/crm-company-delete.md,crm,Владимир,ожидает,1,1,0,crm.company.delete
api-reference/crm/companies/crm-company-fields.md,crm,Владимир,ожидает,1,1,0,crm.company.fields
api-reference/crm/companies/crm-company-get.md,crm,Владимир,ожидает,1,1,0,crm.company.get
api-reference/crm/companies/crm-company-list.md,crm,Владимир,ожидает,1,1,0,crm.company.list
api-reference/crm/companies/crm-company-update.md,crm,Владимир,ожидает,1,1,0,crm.company.update
api-reference/crm/companies/custom-form/crm-company-details-configuration-force-common-scope-for-all.md,crm,Владимир,ожидает,1,1,0,crm.company.details.configuration.forceCommonScopeForAll
api-reference/crm/companies/custom-form/crm-company-details-configuration-set.md,crm,Владимир,ожидает,1,1,0,crm.company.details.configuration.set
api-reference/crm/companies/userfields/crm-company-userfield-add.md,crm,Владимир,ожидает,2,2,0,crm.company.userfield.add
api-reference/crm/companies/userfields/crm-company-userfield-delete.md,crm,Владимир,ожидает,1,1,0,crm.company.userfield.delete
api-reference/crm/companies/userfields/crm-company-userfield-get.md,crm,Владимир,ожидает,1,1,0,crm.company.userfield.get
api-reference/crm/companies/userfields/crm-company-userfield-list.md,crm,Владимир,ожидает,1,1,0,crm.company.userfield.list
api-reference/crm/companies/userfields/crm-company-userfield-update.md,crm,Владимир,ожидает,1,1,0,crm.company.userfield.update
api-reference/crm/contacts/company/crm-contact-company-add.md,crm,Владимир,ожидает,1,1,0,crm.contact.company.add
api-reference/crm/contacts/company/crm-contact-company-delete.md,crm,Владимир,ожидает,1,1,0,crm.contact.company.delete
api-reference/crm/contacts/company/crm-contact-company-fields.md,crm,Владимир,ожидает,1,1,0,crm.contact.company.fields
api-reference/crm/contacts/company/crm-contact-company-items-delete.md,crm,Владимир,ожидает,1,1,0,crm.contact.company.items.delete
api-reference/crm/contacts/company/crm-contact-company-items-get.md,crm,Владимир,ожидает,1,1,0,crm.contact.company.items.get
api-reference/crm/contacts/company/crm-contact-company-items-set.md,crm,Владимир,ожидает,1,1,0,crm.contact.company.items.set
api-reference/crm/contacts/crm-contact-add.md,crm,Владимир,ожидает,1,1,0,crm.contact.add
api-reference/crm/contacts/crm-contact-delete.md,crm,Владимир,ожидает,1,1,0,crm.contact.delete
api-reference/crm/contacts/crm-contact-fields.md,crm,Владимир,ожидает,1,1,0,crm.contact.fields
api-reference/crm/contacts/crm-contact-get.md,crm,Владимир,ожидает,1,1,0,crm.contact.get
api-reference/crm/contacts/crm-contact-list.md,crm,Владимир,ожидает,1,1,0,crm.contact.list
api-reference/crm/contacts/crm-contact-update.md,crm,Владимир,ожидает,1,1,0,crm.contact.update
api-reference/crm/contacts/custom-form/crm-contact-details-configuration-force-common-scope-for-all.md,crm,Владимир,ожидает,1,1,0,crm.contact.details.configuration.forceCommonScopeForAll
api-reference/crm/contacts/custom-form/crm-contact-details-configuration-set.md,crm,Владимир,ожидает,1,1,0,crm.contact.details.configuration.set
api-reference/crm/contacts/userfield/crm-contact-userfield-add.md,crm,Владимир,нужен разбор вручную,2,1,0,crm.contact.userfield.add
api-reference/crm/contacts/userfield/crm-contact-userfield-delete.md,crm,Владимир,ожидает,1,1,0,crm.contact.userfield.delete
api-reference/crm/contacts/userfield/crm-contact-userfield-get.md,crm,Владимир,ожидает,1,1,0,crm.contact.userfield.get
api-reference/crm/contacts/userfield/crm-contact-userfield-list.md,crm,Владимир,ожидает,1,1,0,crm.contact.userfield.list
api-reference/crm/contacts/userfield/crm-contact-userfield-update.md,crm,Владимир,ожидает,2,2,0,crm.contact.userfield.update
api-reference/crm/crm-settings-mode-get.md,crm,Владимир,ожидает,1,1,0,crm.settings.mode.get
api-reference/crm/crm-stage-history-list.md,crm,Владимир,ожидает,2,2,0,crm.stagehistory.list
api-reference/crm/currency/crm-currency-base-get.md,crm,Владимир,ожидает,1,1,0,crm.currency.base.get
api-reference/crm/currency/crm-currency-base-set.md,crm,Владимир,ожидает,1,1,0,crm.currency.base.set
api-reference/crm/currency/crm-currency-delete.md,crm,Владимир,ожидает,1,1,0,crm.currency.delete
api-reference/crm/currency/crm-currency-fields.md,crm,Владимир,ожидает,1,1,0,crm.currency.fields
api-reference/crm/currency/crm-currency-get.md,crm,Владимир,ожидает,1,1,0,crm.currency.get
api-reference/crm/currency/crm-currency-list.md,crm,Владимир,ожидает,1,1,0,crm.currency.list
api-reference/crm/currency/localizations/crm-currency-localizations-delete.md,crm,Владимир,ожидает,1,1,0,crm.currency.localizations.delete
api-reference/crm/currency/localizations/crm-currency-localizations-fields.md,crm,Владимир,ожидает,1,1,0,crm.currency.localizations.fields
api-reference/crm/currency/localizations/crm-currency-localizations-get.md,crm,Владимир,ожидает,1,1,0,crm.currency.localizations.get
api-reference/crm/currency/localizations/crm-currency-localizations-set.md,crm,Владимир,ожидает,1,1,0,crm.currency.localizations.set
api-reference/crm/deals/contacts/crm-deal-contact-add.md,crm,,готово,1,1,1,crm.deal.contact.add
api-reference/crm/deals/contacts/crm-deal-contact-delete.md,crm,,готово,1,1,1,crm.deal.contact.delete
api-reference/crm/deals/contacts/crm-deal-contact-fields.md,crm,,готово,1,1,1,crm.deal.contact.fields
api-reference/crm/deals/contacts/crm-deal-contact-items-delete.md,crm,,готово,1,1,1,crm.deal.contact.items.delete
api-reference/crm/deals/contacts/crm-deal-contact-items-get.md,crm,,готово,1,1,1,crm.deal.contact.items.get
api-reference/crm/deals/contacts/crm-deal-contact-items-set.md,crm,,готово,1,1,1,crm.deal.contact.items.set
api-reference/crm/deals/crm-deal-add.md,crm,,готово,1,1,1,crm.deal.add
api-reference/crm/deals/crm-deal-delete.md,crm,,готово,1,1,1,crm.deal.delete
api-reference/crm/deals/crm-deal-fields.md,crm,,готово,1,1,1,crm.deal.fields
api-reference/crm/deals/crm-deal-get.md,crm,,готово,1,1,1,crm.deal.get
api-reference/crm/deals/crm-deal-list.md,crm,,готово,1,1,1,crm.deal.list
api-reference/crm/deals/crm-deal-productrows-get.md,crm,,готово,1,1,1,crm.deal.productrows.get
api-reference/crm/deals/crm-deal-productrows-set.md,crm,,готово,1,1,1,crm.deal.productrows.set
api-reference/crm/deals/crm-deal-update.md,crm,,готово,1,1,1,crm.deal.update
api-reference/crm/deals/custom-form/crm-deal-details-configuration-force-common-scope-for-all.md,crm,,готово,1,1,1,crm.deal.details.configuration.forceCommonScopeForAll
api-reference/crm/deals/custom-form/crm-deal-details-configuration-get.md,crm,,готово,1,1,1,crm.deal.details.configuration.get
api-reference/crm/deals/custom-form/crm-deal-details-configuration-reset.md,crm,,готово,1,1,1,crm.deal.details.configuration.reset
api-reference/crm/deals/custom-form/crm-deal-details-configuration-set.md,crm,,готово,1,1,1,crm.deal.details.configuration.set
api-reference/crm/deals/index.md,crm,,готово,1,1,1,crm.item.update
api-reference/crm/deals/recurring-deals/crm-deal-recurring-add.md,crm,,готово,1,1,1,crm.deal.recurring.add
api-reference/crm/deals/recurring-deals/crm-deal-recurring-delete.md,crm,,готово,1,1,1,crm.deal.recurring.delete
api-reference/crm/deals/recurring-deals/crm-deal-recurring-expose.md,crm,,готово,1,1,1,crm.deal.recurring.expose
api-reference/crm/deals/recurring-deals/crm-deal-recurring-fields.md,crm,,готово,1,1,1,crm.deal.recurring.fields
api-reference/crm/deals/recurring-deals/crm-deal-recurring-get.md,crm,,готово,1,1,1,crm.deal.recurring.get
api-reference/crm/deals/recurring-deals/crm-deal-recurring-list.md,crm,,готово,1,1,1,crm.deal.recurring.list
api-reference/crm/deals/recurring-deals/crm-deal-recurring-update.md,crm,,готово,1,1,1,crm.deal.recurring.update
api-reference/crm/deals/user-defined-fields/crm-deal-userfield-add.md,crm,,готово,2,2,2,crm.deal.userfield.add
api-reference/crm/deals/user-defined-fields/crm-deal-userfield-delete.md,crm,,готово,1,1,1,crm.deal.userfield.delete
api-reference/crm/deals/user-defined-fields/crm-deal-userfield-get.md,crm,,готово,1,1,1,crm.deal.userfield.get
api-reference/crm/deals/user-defined-fields/crm-deal-userfield-list.md,crm,,готово,1,1,1,crm.deal.userfield.list
api-reference/crm/deals/user-defined-fields/crm-deal-userfield-update.md,crm,,готово,1,1,1,crm.deal.userfield.update
api-reference/crm/document-generator/documents/crm-document-generator-document-add.md,crm,Владимир,ожидает,1,1,0,crm.documentgenerator.document.add
api-reference/crm/document-generator/documents/crm-document-generator-document-delete.md,crm,Владимир,ожидает,1,1,0,crm.documentgenerator.document.delete
api-reference/crm/document-generator/documents/crm-document-generator-document-enable-public-url.md,crm,Владимир,ожидает,1,1,0,crm.documentgenerator.document.enablepublicurl
api-reference/crm/document-generator/documents/crm-document-generator-document-get-fields.md,crm,Владимир,ожидает,1,1,0,crm.documentgenerator.document.getfields
api-reference/crm/document-generator/documents/crm-document-generator-document-get.md,crm,Владимир,ожидает,1,1,0,crm.documentgenerator.document.get
api-reference/crm/document-generator/documents/crm-document-generator-document-list.md,crm,Владимир,ожидает,1,1,0,crm.documentgenerator.document.list
api-reference/crm/document-generator/documents/crm-document-generator-document-update.md,crm,Владимир,ожидает,1,1,0,crm.documentgenerator.document.update
api-reference/crm/document-generator/documents/crm-document-generator-document-upload.md,crm,Владимир,ожидает,1,1,0,crm.documentgenerator.document.upload
api-reference/crm/document-generator/numerator/crm-document-generator-numerator-add.md,crm,Владимир,ожидает,1,1,0,crm.documentgenerator.numerator.add
api-reference/crm/document-generator/numerator/crm-document-generator-numerator-delete.md,crm,Владимир,ожидает,1,1,0,crm.documentgenerator.numerator.delete
api-reference/crm/document-generator/numerator/crm-document-generator-numerator-get.md,crm,Владимир,ожидает,1,1,0,crm.documentgenerator.numerator.get
api-reference/crm/document-generator/numerator/crm-document-generator-numerator-list.md,crm,Владимир,ожидает,1,1,0,crm.documentgenerator.numerator.list
api-reference/crm/document-generator/numerator/crm-document-generator-numerator-update.md,crm,Владимир,ожидает,1,1,0,crm.documentgenerator.numerator.update
api-reference/crm/document-generator/templates/crm-document-generator-template-add.md,crm,Владимир,ожидает,1,1,0,crm.documentgenerator.template.add
api-reference/crm/document-generator/templates/crm-document-generator-template-delete.md,crm,Владимир,ожидает,1,1,0,crm.documentgenerator.template.delete
api-reference/crm/document-generator/templates/crm-document-generator-template-get-fields.md,crm,Владимир,ожидает,1,1,0,crm.documentgenerator.template.getfields
api-reference/crm/document-generator/templates/crm-document-generator-template-get.md,crm,Владимир,ожидает,1,1,0,crm.documentgenerator.template.get
api-reference/crm/document-generator/templates/crm-document-generator-template-list.md,crm,Владимир,ожидает,1,1,0,crm.documentgenerator.template.list
api-reference/crm/document-generator/templates/crm-document-generator-template-update.md,crm,Владимир,ожидает,1,1,0,crm.documentgenerator.template.update
api-reference/crm/duplicates/crm-duplicate-find-by-comm.md,crm,Владимир,ожидает,1,1,0,crm.duplicate.findbycomm
api-reference/crm/duplicates/crm-entity-merge-batch.md,crm,Владимир,ожидает,1,1,0,crm.entity.mergeBatch
api-reference/crm/duplicates/volatile-type/crm-duplicate-volatile-type-fields.md,crm,Владимир,ожидает,1,1,0,crm.duplicate.volatileType.fields
api-reference/crm/duplicates/volatile-type/crm-duplicate-volatile-type-list.md,crm,Владимир,ожидает,1,1,0,crm.duplicate.volatileType.list
api-reference/crm/duplicates/volatile-type/crm-duplicate-volatile-type-register.md,crm,Владимир,ожидает,1,1,0,crm.duplicate.volatileType.register
api-reference/crm/duplicates/volatile-type/crm-duplicate-volatile-type-unregister.md,crm,Владимир,ожидает,1,1,0,crm.duplicate.volatileType.unregister
api-reference/crm/leads/crm-lead-add.md,crm,Владимир,ожидает,1,1,0,crm.lead.add
api-reference/crm/leads/crm-lead-delete.md,crm,Владимир,ожидает,1,1,0,crm.lead.delete
api-reference/crm/leads/crm-lead-fields.md,crm,Владимир,ожидает,1,1,0,crm.lead.fields
api-reference/crm/leads/crm-lead-get.md,crm,Владимир,ожидает,1,1,0,crm.lead.get
api-reference/crm/leads/crm-lead-list.md,crm,Владимир,ожидает,1,1,0,crm.lead.list
api-reference/crm/leads/crm-lead-productrows-get.md,crm,Владимир,ожидает,1,1,0,crm.lead.productrows.get
api-reference/crm/leads/crm-lead-productrows-set.md,crm,Владимир,ожидает,1,1,0,crm.lead.productrows.set
api-reference/crm/leads/crm-lead-update.md,crm,Владимир,ожидает,1,1,0,crm.lead.update
api-reference/crm/leads/custom-form/crm-lead-details-configuration-force-common-scope-for-all.md,crm,Владимир,ожидает,1,1,0,crm.lead.details.configuration.forceCommonScopeForAll
api-reference/crm/leads/custom-form/crm-lead-details-configuration-get.md,crm,Владимир,нужен разбор вручную,1,0,0,
api-reference/crm/leads/custom-form/crm-lead-details-configuration-reset.md,crm,Владимир,нужен разбор вручную,1,0,0,
api-reference/crm/leads/custom-form/crm-lead-details-configuration-set.md,crm,Владимир,ожидает,1,1,0,crm.lead.details.configuration.set
api-reference/crm/leads/management-communication/crm-lead-contact-add.md,crm,Владимир,ожидает,1,1,0,crm.lead.contact.add
api-reference/crm/leads/management-communication/crm-lead-contact-delete.md,crm,Владимир,ожидает,1,1,0,crm.lead.contact.delete
api-reference/crm/leads/management-communication/crm-lead-contact-fields.md,crm,Владимир,ожидает,1,1,0,crm.lead.contact.fields
api-reference/crm/leads/management-communication/crm-lead-contact-items-delete.md,crm,Владимир,ожидает,1,1,0,crm.lead.contact.items.delete
api-reference/crm/leads/management-communication/crm-lead-contact-items-get.md,crm,Владимир,ожидает,1,1,0,crm.lead.contact.items.get
api-reference/crm/leads/management-communication/crm-lead-contact-items-set.md,crm,Владимир,ожидает,1,1,0,crm.lead.contact.items.set
api-reference/crm/leads/userfield/crm-lead-userfield-add.md,crm,Владимир,ожидает,2,2,0,crm.lead.userfield.add
api-reference/crm/leads/userfield/crm-lead-userfield-delete.md,crm,Владимир,ожидает,1,1,0,crm.lead.userfield.delete
api-reference/crm/leads/userfield/crm-lead-userfield-get.md,crm,Владимир,ожидает,1,1,0,crm.lead.userfield.get
api-reference/crm/leads/userfield/crm-lead-userfield-list.md,crm,Владимир,ожидает,1,1,0,crm.lead.userfield.list
api-reference/crm/leads/userfield/crm-lead-userfield-update.md,crm,Владимир,ожидает,1,1,0,crm.lead.userfield.update
api-reference/crm/outdated/catalog/crm-catalog-fields.md,crm,Владимир,ожидает,1,1,0,crm.catalog.fields
api-reference/crm/outdated/catalog/crm-catalog-get.md,crm,Владимир,ожидает,1,1,0,crm.catalog.get
api-reference/crm/outdated/catalog/crm-catalog-list.md,crm,Владимир,ожидает,1,1,0,crm.catalog.list
api-reference/crm/outdated/category-old/crm-deal-category-add.md,crm,Владимир,ожидает,1,1,0,crm.dealcategory.add
api-reference/crm/outdated/category-old/crm-deal-category-default-get.md,crm,Владимир,ожидает,1,1,0,crm.dealcategory.default.get
api-reference/crm/outdated/category-old/crm-deal-category-default-set.md,crm,Владимир,ожидает,1,1,0,crm.dealcategory.default.set
api-reference/crm/outdated/category-old/crm-deal-category-delete.md,crm,Владимир,ожидает,1,1,0,crm.dealcategory.delete
api-reference/crm/outdated/category-old/crm-deal-category-fields.md,crm,Владимир,ожидает,1,1,0,crm.dealcategory.fields
api-reference/crm/outdated/category-old/crm-deal-category-get.md,crm,Владимир,ожидает,1,1,0,crm.dealcategory.get
api-reference/crm/outdated/category-old/crm-deal-category-list.md,crm,Владимир,ожидает,1,1,0,crm.dealcategory.list
api-reference/crm/outdated/category-old/crm-deal-category-stage-list.md,crm,Владимир,ожидает,1,1,0,crm.dealcategory.stage.list
api-reference/crm/outdated/category-old/crm-deal-category-status.md,crm,Владимир,ожидает,1,1,0,crm.dealcategory.status
api-reference/crm/outdated/category-old/crm-deal-category-update.md,crm,Владимир,ожидает,1,1,0,crm.dealcategory.update
api-reference/crm/outdated/invoice/crm-invoice-add.md,crm,Владимир,нужен разбор вручную,2,0,0,crm.invoice.add
api-reference/crm/outdated/invoice/crm-invoice-delete.md,crm,Владимир,ожидает,1,1,0,crm.invoice.delete
api-reference/crm/outdated/invoice/crm-invoice-fields.md,crm,Владимир,ожидает,1,1,0,crm.invoice.fields
api-reference/crm/outdated/invoice/crm-invoice-get-external-link.md,crm,Владимир,ожидает,1,1,0,crm.invoice.getexternallink
api-reference/crm/outdated/invoice/crm-invoice-get.md,crm,Владимир,ожидает,1,1,0,crm.invoice.get
api-reference/crm/outdated/invoice/crm-invoice-list.md,crm,Владимир,ожидает,1,1,0,crm.invoice.list
api-reference/crm/outdated/invoice/crm-invoice-recurring-add.md,crm,Владимир,нужен разбор вручную,1,0,0,crm.invoice.recurring.add
api-reference/crm/outdated/invoice/crm-invoice-recurring-delete.md,crm,Владимир,ожидает,1,1,0,crm.invoice.recurring.delete
api-reference/crm/outdated/invoice/crm-invoice-recurring-expose.md,crm,Владимир,ожидает,1,1,0,crm.invoice.recurring.expose
api-reference/crm/outdated/invoice/crm-invoice-recurring-fields.md,crm,Владимир,ожидает,1,1,0,crm.invoice.recurring.fields
api-reference/crm/outdated/invoice/crm-invoice-recurring-get.md,crm,Владимир,ожидает,1,1,0,crm.invoice.recurring.get
api-reference/crm/outdated/invoice/crm-invoice-recurring-list.md,crm,Владимир,ожидает,1,1,0,crm.invoice.recurring.list
api-reference/crm/outdated/invoice/crm-invoice-recurring-update.md,crm,Владимир,ожидает,1,1,0,crm.invoice.recurring.update
api-reference/crm/outdated/invoice/crm-invoice-update.md,crm,Владимир,ожидает,1,1,0,crm.invoice.update
api-reference/crm/outdated/invoice/crm-invoice-user-field-add.md,crm,Владимир,ожидает,1,1,0,crm.paysystem.list
api-reference/crm/outdated/invoice/crm-invoice-user-field-delete.md,crm,Владимир,ожидает,1,1,0,crm.invoice.userfield.delete
api-reference/crm/outdated/invoice/crm-invoice-user-field-get.md,crm,Владимир,ожидает,1,1,0,crm.invoice.userfield.get
api-reference/crm/outdated/invoice/crm-invoice-user-field-list.md,crm,Владимир,ожидает,1,1,0,crm.invoice.userfield.list
api-reference/crm/outdated/invoice/crm-invoice-user-field-update.md,crm,Владимир,ожидает,1,1,0,crm.invoice.userfield.update
api-reference/crm/outdated/invoice/crm-pay-system-fields.md,crm,Владимир,ожидает,1,1,0,crm.paysystem.fields
api-reference/crm/outdated/invoice/crm-pay-system-list.md,crm,Владимир,ожидает,1,1,0,crm.paysystem.list
api-reference/crm/outdated/invoice/crm-person-type-fields.md,crm,Владимир,ожидает,1,1,0,crm.persontype.fields
api-reference/crm/outdated/invoice/crm-person-type-list.md,crm,Владимир,ожидает,1,1,0,crm.persontype.list
api-reference/crm/outdated/measure/crm-measure-add.md,crm,Владимир,ожидает,1,1,0,crm.measure.add
api-reference/crm/outdated/measure/crm-measure-delete.md,crm,Владимир,ожидает,1,1,0,crm.measure.delete
api-reference/crm/outdated/measure/crm-measure-fields.md,crm,Владимир,ожидает,1,1,0,crm.measure.fields
api-reference/crm/outdated/measure/crm-measure-get.md,crm,Владимир,ожидает,1,1,0,crm.measure.get
api-reference/crm/outdated/measure/crm-measure-list.md,crm,Владимир,ожидает,1,1,0,crm.measure.list
api-reference/crm/outdated/measure/crm-measure-update.md,crm,Владимир,ожидает,1,1,0,crm.measure.update
api-reference/crm/outdated/product-section/crm-product-section-add.md,crm,Владимир,нужен разбор вручную,1,0,0,crm.productsection.add
api-reference/crm/outdated/product-section/crm-product-section-delete.md,crm,Владимир,нужен разбор вручную,1,0,0,crm.productsection.delete
api-reference/crm/outdated/product-section/crm-product-section-fields.md,crm,Владимир,ожидает,1,1,0,crm.productsection.fields
api-reference/crm/outdated/product-section/crm-product-section-get.md,crm,Владимир,нужен разбор вручную,1,0,0,crm.productsection.get
api-reference/crm/outdated/product-section/crm-product-section-list.md,crm,Владимир,нужен разбор вручную,1,0,0,crm.productsection.list
api-reference/crm/outdated/product-section/crm-product-section-update.md,crm,Владимир,нужен разбор вручную,1,0,0,crm.productsection.update
api-reference/crm/outdated/productrow-old/crm-productrow-fields.md,crm,Владимир,ожидает,1,1,0,crm.productrow.fields
api-reference/crm/outdated/productrow-old/crm-productrow-list.md,crm,Владимир,ожидает,1,1,0,crm.productrow.list
api-reference/crm/outdated/products/crm-product-add.md,crm,Владимир,ожидает,1,1,0,crm.product.add
api-reference/crm/outdated/products/crm-product-delete.md,crm,Владимир,ожидает,1,1,0,crm.product.delete
api-reference/crm/outdated/products/crm-product-fields.md,crm,Владимир,ожидает,1,1,0,crm.product.fields
api-reference/crm/outdated/products/crm-product-get.md,crm,Владимир,ожидает,1,1,0,crm.product.get
api-reference/crm/outdated/products/crm-product-list.md,crm,Владимир,ожидает,1,1,0,crm.product.list
api-reference/crm/outdated/products/crm-product-property-add.md,crm,Владимир,нужен разбор вручную,2,0,0,
api-reference/crm/outdated/products/crm-product-property-delete.md,crm,Владимир,ожидает,1,1,0,crm.product.property.delete
api-reference/crm/outdated/products/crm-product-property-enumeration-fields.md,crm,Владимир,ожидает,1,1,0,crm.product.property.enumeration.fields
api-reference/crm/outdated/products/crm-product-property-fields.md,crm,Владимир,ожидает,1,1,0,crm.product.property.fields
api-reference/crm/outdated/products/crm-product-property-get.md,crm,Владимир,ожидает,1,1,0,crm.product.property.get
api-reference/crm/outdated/products/crm-product-property-list.md,crm,Владимир,ожидает,1,1,0,crm.product.property.list
api-reference/crm/outdated/products/crm-product-property-settings-fields.md,crm,Владимир,ожидает,1,1,0,crm.product.property.settings.fields
api-reference/crm/outdated/products/crm-product-property-types.md,crm,Владимир,ожидает,1,1,0,crm.product.property.types
api-reference/crm/outdated/products/crm-product-property-update.md,crm,Владимир,ожидает,1,1,0,crm.product.property.update
api-reference/crm/outdated/products/crm-product-update.md,crm,Владимир,нужен разбор вручную,2,1,0,crm.product.update
api-reference/crm/outdated/vat/crm-vat-add.md,crm,Владимир,ожидает,1,1,0,crm.vat.add
api-reference/crm/outdated/vat/crm-vat-delete.md,crm,Владимир,ожидает,1,1,0,crm.vat.delete
api-reference/crm/outdated/vat/crm-vat-fields.md,crm,Владимир,ожидает,1,1,0,crm.vat.fields
api-reference/crm/outdated/vat/crm-vat-get.md,crm,Владимир,ожидает,1,1,0,crm.vat.get
api-reference/crm/outdated/vat/crm-vat-list.md,crm,Владимир,ожидает,1,1,0,crm.vat.list
api-reference/crm/outdated/vat/crm-vat-update.md,crm,Владимир,ожидает,1,1,0,crm.vat.update
api-reference/crm/quote/crm-quote-add.md,crm,Владимир,ожидает,1,1,0,crm.quote.add
api-reference/crm/quote/crm-quote-delete.md,crm,Владимир,ожидает,1,1,0,crm.quote.delete
api-reference/crm/quote/crm-quote-fields.md,crm,Владимир,ожидает,1,1,0,crm.quote.fields
api-reference/crm/quote/crm-quote-get.md,crm,Владимир,ожидает,1,1,0,crm.quote.get
api-reference/crm/quote/crm-quote-list.md,crm,Владимир,ожидает,1,1,0,crm.quote.list
api-reference/crm/quote/crm-quote-product-rows-get.md,crm,Владимир,ожидает,1,1,0,crm.quote.productrows.get
api-reference/crm/quote/crm-quote-product-rows-set.md,crm,Владимир,ожидает,1,1,0,crm.quote.productrows.set
api-reference/crm/quote/crm-quote-update.md,crm,Владимир,ожидает,1,1,0,crm.quote.update
api-reference/crm/quote/user-field/crm-quote-user-field-add.md,crm,Владимир,ожидает,2,2,0,crm.quote.userfield.add
api-reference/crm/quote/user-field/crm-quote-user-field-delete.md,crm,Владимир,ожидает,1,1,0,crm.quote.userfield.delete
api-reference/crm/quote/user-field/crm-quote-user-field-get.md,crm,Владимир,ожидает,1,1,0,crm.quote.userfield.get
api-reference/crm/quote/user-field/crm-quote-user-field-list.md,crm,Владимир,ожидает,1,1,0,crm.quote.userfield.list
api-reference/crm/quote/user-field/crm-quote-user-field-update.md,crm,Владимир,ожидает,1,1,0,crm.quote.userfield.update
api-reference/crm/requisites/addresses/crm-address-add.md,crm,Владимир,ожидает,1,1,0,crm.address.add
api-reference/crm/requisites/addresses/crm-address-delete.md,crm,Владимир,ожидает,1,1,0,crm.address.delete
api-reference/crm/requisites/addresses/crm-address-fields.md,crm,Владимир,ожидает,1,1,0,crm.address.fields
api-reference/crm/requisites/addresses/crm-address-list.md,crm,Владимир,ожидает,1,1,0,crm.address.list
api-reference/crm/requisites/addresses/crm-address-update.md,crm,Владимир,ожидает,1,1,0,crm.address.update
api-reference/crm/requisites/bank-detail/crm-requisite-bank-detail-add.md,crm,Владимир,ожидает,1,1,0,crm.requisite.bankdetail.add
api-reference/crm/requisites/bank-detail/crm-requisite-bank-detail-delete.md,crm,Владимир,ожидает,1,1,0,crm.requisite.bankdetail.delete
api-reference/crm/requisites/bank-detail/crm-requisite-bank-detail-fields.md,crm,Владимир,ожидает,1,1,0,crm.requisite.bankdetail.fields
api-reference/crm/requisites/bank-detail/crm-requisite-bank-detail-get.md,crm,Владимир,ожидает,1,1,0,crm.requisite.bankdetail.get
api-reference/crm/requisites/bank-detail/crm-requisite-bank-detail-list.md,crm,Владимир,ожидает,1,1,0,crm.requisite.bankdetail.list
api-reference/crm/requisites/bank-detail/crm-requisite-bank-detail-update.md,crm,Владимир,ожидает,1,1,0,crm.requisite.bankdetail.update
api-reference/crm/requisites/links/crm-requisite-link-fields.md,crm,Владимир,ожидает,1,1,0,crm.requisite.link.fields
api-reference/crm/requisites/links/crm-requisite-link-get.md,crm,Владимир,ожидает,1,1,0,crm.requisite.link.get
api-reference/crm/requisites/links/crm-requisite-link-list.md,crm,Владимир,ожидает,1,1,0,crm.requisite.link.list
api-reference/crm/requisites/links/crm-requisite-link-register.md,crm,Владимир,ожидает,1,1,0,crm.requisite.link.register
api-reference/crm/requisites/links/crm-requisite-link-unregister.md,crm,Владимир,ожидает,1,1,0,crm.requisite.link.unregister
api-reference/crm/requisites/presets/crm-requisite-preset-add.md,crm,Владимир,ожидает,1,1,0,crm.requisite.preset.add
api-reference/crm/requisites/presets/crm-requisite-preset-countries.md,crm,Владимир,ожидает,1,1,0,crm.requisite.preset.countries
api-reference/crm/requisites/presets/crm-requisite-preset-delete.md,crm,Владимир,ожидает,1,1,0,crm.requisite.preset.delete
api-reference/crm/requisites/presets/crm-requisite-preset-fields.md,crm,Владимир,ожидает,1,1,0,crm.requisite.preset.fields
api-reference/crm/requisites/presets/crm-requisite-preset-get.md,crm,Владимир,ожидает,1,1,0,crm.requisite.preset.get
api-reference/crm/requisites/presets/crm-requisite-preset-list.md,crm,Владимир,ожидает,1,1,0,crm.requisite.preset.list
api-reference/crm/requisites/presets/crm-requisite-preset-update.md,crm,Владимир,ожидает,1,1,0,crm.requisite.preset.update
api-reference/crm/requisites/presets/fields/crm-requisite-preset-field-add.md,crm,Владимир,ожидает,1,1,0,crm.requisite.preset.field.add
api-reference/crm/requisites/presets/fields/crm-requisite-preset-field-available-to-add.md,crm,Владимир,ожидает,1,1,0,crm.requisite.preset.field.availabletoadd
api-reference/crm/requisites/presets/fields/crm-requisite-preset-field-delete.md,crm,Владимир,ожидает,1,1,0,crm.requisite.preset.field.delete
api-reference/crm/requisites/presets/fields/crm-requisite-preset-field-fields.md,crm,Владимир,ожидает,1,1,0,crm.requisite.preset.field.fields
api-reference/crm/requisites/presets/fields/crm-requisite-preset-field-get.md,crm,Владимир,ожидает,1,1,0,crm.requisite.preset.field.get
api-reference/crm/requisites/presets/fields/crm-requisite-preset-field-list.md,crm,Владимир,ожидает,1,1,0,crm.requisite.preset.field.list
api-reference/crm/requisites/presets/fields/crm-requisite-preset-field-update.md,crm,Владимир,ожидает,1,1,0,crm.requisite.preset.field.update
api-reference/crm/requisites/universal/crm-requisite-add.md,crm,Владимир,ожидает,1,1,0,crm.requisite.add
api-reference/crm/requisites/universal/crm-requisite-delete.md,crm,Владимир,ожидает,1,1,0,crm.requisite.delete
api-reference/crm/requisites/universal/crm-requisite-fields.md,crm,Владимир,ожидает,1,1,0,crm.requisite.fields
api-reference/crm/requisites/universal/crm-requisite-get.md,crm,Владимир,ожидает,1,1,0,crm.requisite.get
api-reference/crm/requisites/universal/crm-requisite-update.md,crm,Владимир,ожидает,1,1,0,crm.requisite.update
api-reference/crm/requisites/user-fields/crm-requisite-userfield-add.md,crm,Владимир,ожидает,1,1,0,crm.requisite.userfield.add
api-reference/crm/requisites/user-fields/crm-requisite-userfield-delete.md,crm,Владимир,ожидает,1,1,0,crm.requisite.userfield.delete
api-reference/crm/requisites/user-fields/crm-requisite-userfield-get.md,crm,Владимир,ожидает,1,1,0,crm.requisite.userfield.get
api-reference/crm/requisites/user-fields/crm-requisite-userfield-list.md,crm,Владимир,ожидает,1,1,0,crm.requisite.userfield.list
api-reference/crm/requisites/user-fields/crm-requisite-userfield-update.md,crm,Владимир,ожидает,1,1,0,crm.requisite.userfield.update
api-reference/crm/status/crm-status-add.md,crm,Владимир,ожидает,1,1,0,crm.status.add
api-reference/crm/status/crm-status-delete.md,crm,Владимир,ожидает,2,2,0,crm.status.delete
api-reference/crm/status/crm-status-entity-items.md,crm,Владимир,ожидает,1,1,0,crm.status.entity.items
api-reference/crm/status/crm-status-entity-types.md,crm,Владимир,ожидает,1,1,0,crm.status.entity.types
api-reference/crm/status/crm-status-fields.md,crm,Владимир,ожидает,1,1,0,crm.status.fields
api-reference/crm/status/crm-status-get.md,crm,Владимир,ожидает,1,1,0,crm.status.get
api-reference/crm/status/crm-status-list.md,crm,Владимир,ожидает,1,1,0,crm.status.list
api-reference/crm/status/crm-status-update.md,crm,Владимир,ожидает,1,1,0,crm.status.update
api-reference/crm/timeline/actions/crm-timeline-item-pin.md,crm,Владимир,ожидает,1,1,0,crm.timeline.item.pin
api-reference/crm/timeline/actions/crm-timeline-item-unpin.md,crm,Владимир,ожидает,1,1,0,crm.timeline.item.unpin
api-reference/crm/timeline/activities/activity-base/crm-activity-add.md,crm,Владимир,ожидает,1,1,0,crm.activity.add
api-reference/crm/timeline/activities/activity-base/crm-activity-call-get-transcript.md,crm,Владимир,ожидает,1,1,0,crm.activity.call.getTranscript
api-reference/crm/timeline/activities/activity-base/crm-activity-communication-fields.md,crm,Владимир,ожидает,1,1,0,crm.activity.communication.fields
api-reference/crm/timeline/activities/activity-base/crm-activity-delete.md,crm,Владимир,ожидает,1,1,0,crm.activity.delete
api-reference/crm/timeline/activities/activity-base/crm-activity-fields.md,crm,Владимир,ожидает,1,1,0,crm.activity.fields
api-reference/crm/timeline/activities/activity-base/crm-activity-get.md,crm,Владимир,ожидает,1,1,0,crm.activity.get
api-reference/crm/timeline/activities/activity-base/crm-activity-list.md,crm,Владимир,ожидает,4,4,0,crm.activity.list
api-reference/crm/timeline/activities/activity-base/crm-activity-update.md,crm,Владимир,ожидает,1,1,0,crm.activity.update
api-reference/crm/timeline/activities/binding/crm-activity-binding-add.md,crm,Владимир,ожидает,1,1,0,crm.activity.binding.add
api-reference/crm/timeline/activities/binding/crm-activity-binding-delete.md,crm,Владимир,ожидает,1,1,0,crm.activity.binding.delete
api-reference/crm/timeline/activities/binding/crm-activity-binding-list.md,crm,Владимир,ожидает,1,1,0,crm.activity.binding.list
api-reference/crm/timeline/activities/binding/crm-activity-binding-move.md,crm,Владимир,ожидает,1,1,0,crm.activity.binding.move
api-reference/crm/timeline/activities/configurable/badges/crm-activity-badge-add.md,crm,Владимир,ожидает,1,1,0,crm.activity.badge.add
api-reference/crm/timeline/activities/configurable/badges/crm-activity-badge-delete.md,crm,Владимир,ожидает,1,1,0,crm.activity.badge.delete
api-reference/crm/timeline/activities/configurable/badges/crm-activity-badge-get.md,crm,Владимир,ожидает,1,1,0,crm.activity.badge.get
api-reference/crm/timeline/activities/configurable/badges/crm-activity-badge-list.md,crm,Владимир,ожидает,1,1,0,crm.activity.badge.list
api-reference/crm/timeline/activities/configurable/crm-activity-configurable-add.md,crm,Владимир,ожидает,1,1,0,crm.activity.configurable.add
api-reference/crm/timeline/activities/configurable/crm-activity-configurable-get.md,crm,Владимир,ожидает,1,1,0,crm.activity.configurable.get
api-reference/crm/timeline/activities/configurable/crm-activity-configurable-update.md,crm,Владимир,ожидает,1,1,0,crm.activity.configurable.update
api-reference/crm/timeline/activities/layout-blocks/crm-activity-layout-blocks-delete.md,crm,Владимир,ожидает,1,1,0,crm.activity.layout.blocks.delete
api-reference/crm/timeline/activities/layout-blocks/crm-activity-layout-blocks-get.md,crm,Владимир,ожидает,1,1,0,crm.activity.layout.blocks.get
api-reference/crm/timeline/activities/layout-blocks/crm-activity-layout-blocks-set.md,crm,Владимир,ожидает,1,1,0,crm.activity.layout.blocks.set
api-reference/crm/timeline/activities/todo/crm-activity-todo-add.md,crm,Владимир,ожидает,1,1,0,crm.activity.todo.add
api-reference/crm/timeline/activities/todo/crm-activity-todo-update-color.md,crm,Владимир,ожидает,1,1,0,crm.activity.todo.updateColor
api-reference/crm/timeline/activities/todo/crm-activity-todo-update-deadline.md,crm,Владимир,ожидает,1,1,0,crm.activity.todo.updateDeadline
api-reference/crm/timeline/activities/todo/crm-activity-todo-update-description.md,crm,Владимир,ожидает,1,1,0,crm.activity.todo.updateDescription
api-reference/crm/timeline/activities/todo/crm-activity-todo-update-responsible-user.md,crm,Владимир,ожидает,1,1,0,crm.activity.todo.updateResponsibleUser
api-reference/crm/timeline/activities/todo/crm-activity-todo-update.md,crm,Владимир,ожидает,1,1,0,crm.activity.todo.update
api-reference/crm/timeline/activities/types/crm-activity-type-add.md,crm,Владимир,ожидает,1,1,0,crm.activity.type.add
api-reference/crm/timeline/activities/types/crm-activity-type-delete.md,crm,Владимир,ожидает,1,1,0,crm.activity.type.delete
api-reference/crm/timeline/activities/types/crm-activity-type-list.md,crm,Владимир,ожидает,1,1,0,crm.activity.type.list
api-reference/crm/timeline/bindings/crm-timeline-bindings-bind.md,crm,Владимир,ожидает,1,1,0,crm.timeline.bindings.bind
api-reference/crm/timeline/bindings/crm-timeline-bindings-fields.md,crm,Владимир,ожидает,1,1,0,crm.timeline.bindings.fields
api-reference/crm/timeline/bindings/crm-timeline-bindings-list.md,crm,Владимир,ожидает,1,1,0,crm.timeline.bindings.list
api-reference/crm/timeline/bindings/crm-timeline-bindings-unbind.md,crm,Владимир,ожидает,1,1,0,crm.timeline.bindings.unbind
api-reference/crm/timeline/comments/crm-timeline-comment-add.md,crm,Владимир,ожидает,1,1,0,crm.timeline.comment.add
api-reference/crm/timeline/comments/crm-timeline-comment-delete.md,crm,Владимир,ожидает,1,1,0,crm.timeline.comment.delete
api-reference/crm/timeline/comments/crm-timeline-comment-fields.md,crm,Владимир,ожидает,1,1,0,crm.timeline.comment.fields
api-reference/crm/timeline/comments/crm-timeline-comment-get.md,crm,Владимир,ожидает,1,1,0,crm.timeline.comment.get
api-reference/crm/timeline/comments/crm-timeline-comment-list.md,crm,Владимир,ожидает,1,1,0,crm.timeline.comment.list
api-reference/crm/timeline/comments/crm-timeline-comment-update.md,crm,Владимир,ожидает,1,1,0,crm.timeline.comment.update
api-reference/crm/timeline/layout-blocks/crm-timeline-layout-blocks-delete.md,crm,Владимир,ожидает,1,1,0,crm.timeline.layout.blocks.delete
api-reference/crm/timeline/layout-blocks/crm-timeline-layout-blocks-get.md,crm,Владимир,ожидает,1,1,0,crm.timeline.layout.blocks.get
api-reference/crm/timeline/layout-blocks/crm-timeline-layout-blocks-set.md,crm,Владимир,ожидает,1,1,0,crm.timeline.layout.blocks.set
api-reference/crm/timeline/logmessage/crm-timeline-logmessage-add.md,crm,Владимир,ожидает,1,1,0,crm.timeline.logmessage.add
api-reference/crm/timeline/logmessage/crm-timeline-logmessage-delete.md,crm,Владимир,ожидает,1,1,0,crm.timeline.logmessage.delete
api-reference/crm/timeline/logmessage/crm-timeline-logmessage-get.md,crm,Владимир,ожидает,1,1,0,crm.timeline.logmessage.get
api-reference/crm/timeline/logmessage/crm-timeline-logmessage-list.md,crm,Владимир,ожидает,1,1,0,crm.timeline.logmessage.list
api-reference/crm/timeline/logmessage/icons/crm-timeline-icon-add.md,crm,Владимир,ожидает,1,1,0,crm.timeline.icon.add
api-reference/crm/timeline/logmessage/icons/crm-timeline-icon-delete.md,crm,Владимир,ожидает,1,1,0,crm.timeline.icon.delete
api-reference/crm/timeline/logmessage/icons/crm-timeline-icon-get.md,crm,Владимир,ожидает,1,1,0,crm.timeline.icon.get
api-reference/crm/timeline/logmessage/icons/crm-timeline-icon-list.md,crm,Владимир,ожидает,1,1,0,crm.timeline.icon.list
api-reference/crm/timeline/logmessage/logo/crm-timeline-logo-add.md,crm,Владимир,ожидает,1,1,0,crm.timeline.logo.add
api-reference/crm/timeline/logmessage/logo/crm-timeline-logo-delete.md,crm,Владимир,ожидает,1,1,0,crm.timeline.logo.delete
api-reference/crm/timeline/logmessage/logo/crm-timeline-logo-get.md,crm,Владимир,ожидает,1,1,0,crm.timeline.logo.get
api-reference/crm/timeline/logmessage/logo/crm-timeline-logo-list.md,crm,Владимир,ожидает,1,1,0,crm.timeline.logo.list
api-reference/crm/timeline/note/crm-timeline-note-delete.md,crm,Владимир,ожидает,1,1,0,crm.timeline.note.delete
api-reference/crm/timeline/note/crm-timeline-note-get.md,crm,Владимир,ожидает,1,1,0,crm.timeline.note.get
api-reference/crm/timeline/note/crm-timeline-note-save.md,crm,Владимир,ожидает,1,1,0,crm.timeline.note.save
api-reference/crm/tracking/crm-tracking-trace-add.md,crm,Владимир,ожидает,1,1,0,crm.tracking.trace.add
api-reference/crm/tracking/crm-tracking-trace-delete.md,crm,Владимир,ожидает,1,1,0,crm.tracking.trace.delete
api-reference/crm/universal/category/crm-category-add.md,crm,Владимир,ожидает,1,1,0,crm.category.add
api-reference/crm/universal/category/crm-category-delete.md,crm,Владимир,ожидает,1,1,0,crm.category.delete
api-reference/crm/universal/category/crm-category-fields.md,crm,Владимир,ожидает,1,1,0,crm.category.fields
api-reference/crm/universal/category/crm-category-get.md,crm,Владимир,ожидает,1,1,0,crm.category.get
api-reference/crm/universal/category/crm-category-list.md,crm,Владимир,ожидает,1,1,0,crm.category.list
api-reference/crm/universal/category/crm-category-update.md,crm,Владимир,ожидает,1,1,0,crm.category.update
api-reference/crm/universal/crm-item-delete.md,crm,Владимир,ожидает,1,1,0,crm.item.delete
api-reference/crm/universal/crm-item-fields.md,crm,Владимир,ожидает,1,1,0,crm.item.fields
api-reference/crm/universal/crm-item-get.md,crm,Владимир,ожидает,1,1,0,crm.item.get
api-reference/crm/universal/crm-item-list.md,crm,Владимир,ожидает,2,2,0,crm.item.list
api-reference/crm/universal/crm-item-update.md,crm,Владимир,ожидает,1,1,0,crm.item.update
api-reference/crm/universal/delivery/crm-item-delivery-get.md,crm,Владимир,ожидает,1,1,0,crm.item.delivery.get
api-reference/crm/universal/delivery/crm-item-delivery-list.md,crm,Владимир,ожидает,1,1,0,crm.item.delivery.list
api-reference/crm/universal/item-details-configuration/crm-item-details-configuration-forceCommonScopeForAll.md,crm,Владимир,ожидает,1,1,0,crm.item.details.configuration.forceCommonScopeForAll
api-reference/crm/universal/item-details-configuration/crm-item-details-configuration-reset.md,crm,Владимир,ожидает,1,1,0,crm.item.details.configuration.reset
api-reference/crm/universal/item-details-configuration/crm-item-details-configuration-set.md,crm,Владимир,ожидает,1,1,0,crm.item.details.configuration.set
api-reference/crm/universal/order-entity/crm-order-entity-add.md,crm,Владимир,ожидает,1,1,0,crm.orderentity.add
api-reference/crm/universal/order-entity/crm-order-entity-delete-by-filter.md,crm,Владимир,ожидает,1,1,0,crm.orderentity.deletebyfilter
api-reference/crm/universal/order-entity/crm-order-entity-get-fields.md,crm,Владимир,ожидает,1,1,0,crm.orderentity.getFields
api-reference/crm/universal/order-entity/crm-order-entity-list.md,crm,Владимир,ожидает,1,1,0,crm.orderentity.list
api-reference/crm/universal/payment/crm-item-payment-add.md,crm,Владимир,ожидает,1,1,0,crm.item.payment.add
api-reference/crm/universal/payment/crm-item-payment-delete.md,crm,Владимир,ожидает,1,1,0,crm.item.payment.delete
api-reference/crm/universal/payment/crm-item-payment-get.md,crm,Владимир,ожидает,1,1,0,crm.item.payment.get
api-reference/crm/universal/payment/crm-item-payment-list.md,crm,Владимир,ожидает,1,1,0,crm.item.payment.list
api-reference/crm/universal/payment/crm-item-payment-pay.md,crm,Владимир,ожидает,1,1,0,crm.item.payment.pay
api-reference/crm/universal/payment/crm-item-payment-unpay.md,crm,Владимир,ожидает,1,1,0,crm.item.payment.unpay
api-reference/crm/universal/payment/crm-item-payment-update.md,crm,Владимир,ожидает,1,1,0,crm.item.payment.update
api-reference/crm/universal/payment/delivery-in-payment/crm-item-payment-delivery-add.md,crm,Владимир,ожидает,1,1,0,crm.item.payment.delivery.add
api-reference/crm/universal/payment/delivery-in-payment/crm-item-payment-delivery-delete.md,crm,Владимир,ожидает,1,1,0,crm.item.payment.delivery.delete
api-reference/crm/universal/payment/delivery-in-payment/crm-item-payment-delivery-list.md,crm,Владимир,ожидает,1,1,0,crm.item.payment.delivery.list
api-reference/crm/universal/payment/delivery-in-payment/crm-item-payment-delivery-set-delivery.md,crm,Владимир,ожидает,1,1,0,crm.item.payment.delivery.setDelivery
api-reference/crm/universal/payment/products-in-payment/crm-item-payment-product-add.md,crm,Владимир,ожидает,1,1,0,crm.item.payment.product.add
api-reference/crm/universal/payment/products-in-payment/crm-item-payment-product-delete.md,crm,Владимир,ожидает,1,1,0,crm.item.payment.product.delete
api-reference/crm/universal/payment/products-in-payment/crm-item-payment-product-list.md,crm,Владимир,ожидает,1,1,0,crm.item.payment.product.list
api-reference/crm/universal/payment/products-in-payment/crm-item-payment-product-set-quantity.md,crm,Владимир,ожидает,1,1,0,crm.item.payment.product.setQuantity
api-reference/crm/universal/payment/salescenter-payment-get-public-url.md,crm,Владимир,ожидает,1,1,0,salescenter.payment.getPublicUrl
api-reference/crm/universal/product-rows/crm-item-productrow-add.md,crm,Владимир,ожидает,1,1,0,crm.item.productrow.add
api-reference/crm/universal/product-rows/crm-item-productrow-delete.md,crm,Владимир,ожидает,1,1,0,crm.item.productrow.delete
api-reference/crm/universal/product-rows/crm-item-productrow-fields.md,crm,Владимир,ожидает,1,1,0,crm.item.productrow.fields
api-reference/crm/universal/product-rows/crm-item-productrow-get-available-for-payment.md,crm,Владимир,ожидает,1,1,0,crm.item.productrow.getAvailableForPayment
api-reference/crm/universal/product-rows/crm-item-productrow-get.md,crm,Владимир,ожидает,1,1,0,crm.item.productrow.get
api-reference/crm/universal/product-rows/crm-item-productrow-list.md,crm,Владимир,ожидает,1,1,0,crm.item.productrow.list
api-reference/crm/universal/product-rows/crm-item-productrow-set.md,crm,Владимир,ожидает,1,1,0,crm.item.productrow.set
api-reference/crm/universal/product-rows/crm-item-productrow-update.md,crm,Владимир,ожидает,1,1,0,crm.item.productrow.update
api-reference/crm/universal/user-defined-fields/crm-userfield-enumeration-fields.md,crm,Владимир,ожидает,1,1,0,crm.userfield.enumeration.fields
api-reference/crm/universal/user-defined-fields/crm-userfield-fields.md,crm,Владимир,ожидает,1,1,0,crm.userfield.fields
api-reference/crm/universal/user-defined-fields/crm-userfield-settings-fields.md,crm,Владимир,ожидает,1,1,0,crm.userfield.settings.fields
api-reference/crm/universal/user-defined-fields/crm-userfield-types.md,crm,Владимир,ожидает,1,1,0,crm.userfield.types
api-reference/crm/universal/user-defined-object-types/crm-type-add.md,crm,Владимир,ожидает,1,1,0,crm.type.add
api-reference/crm/universal/user-defined-object-types/crm-type-delete.md,crm,Владимир,ожидает,1,1,0,crm.type.delete
api-reference/crm/universal/user-defined-object-types/crm-type-fields.md,crm,Владимир,ожидает,1,1,0,crm.type.fields
api-reference/crm/universal/user-defined-object-types/crm-type-get-by-entity-type-id.md,crm,Владимир,ожидает,1,1,0,crm.type.getByEntityTypeId
api-reference/crm/universal/user-defined-object-types/crm-type-get.md,crm,Владимир,ожидает,1,1,0,crm.type.get
api-reference/crm/universal/userfieldconfig/userfieldconfig-add.md,crm,Владимир,ожидает,1,1,0,userfieldconfig.add
api-reference/crm/universal/userfieldconfig/userfieldconfig-delete.md,crm,Владимир,ожидает,1,1,0,userfieldconfig.delete
api-reference/crm/universal/userfieldconfig/userfieldconfig-get-types.md,crm,Владимир,ожидает,1,1,0,userfieldconfig.getTypes
api-reference/crm/universal/userfieldconfig/userfieldconfig-get.md,crm,Владимир,ожидает,1,1,0,userfieldconfig.get
api-reference/crm/universal/userfieldconfig/userfieldconfig-list.md,crm,Владимир,ожидает,1,1,0,userfieldconfig.list
api-reference/crm/universal/userfieldconfig/userfieldconfig-update.md,crm,Владимир,ожидает,1,1,0,userfieldconfig.update
api-reference/departments/department-add.md,departments,Аня,ожидает,1,1,0,department.add
api-reference/departments/department-delete.md,departments,Аня,ожидает,1,1,0,department.delete
api-reference/departments/department-fields.md,departments,Аня,ожидает,1,1,0,department.fields
api-reference/departments/department-get.md,departments,Аня,ожидает,1,1,0,department.get
api-reference/departments/department-update.md,departments,Аня,ожидает,1,1,0,department.update
api-reference/departments/employee/humanresources-employee-count.md,departments,Аня,ожидает,1,1,0,humanresources.employee.count
api-reference/departments/employee/humanresources-employee-field-get.md,departments,Аня,ожидает,1,1,0,humanresources.employee.field.get
api-reference/departments/employee/humanresources-employee-field-list.md,departments,Аня,ожидает,1,1,0,humanresources.employee.field.list
api-reference/departments/employee/humanresources-employee-multidepartment.md,departments,Аня,ожидает,1,1,0,humanresources.employee.multidepartment
api-reference/departments/employee/humanresources-employee-search.md,departments,Аня,ожидает,1,1,0,humanresources.employee.search
api-reference/departments/employee/humanresources-employee-subordinates.md,departments,Аня,ожидает,1,1,0,humanresources.employee.subordinates
api-reference/departments/node/humanresources-node-add.md,departments,Аня,ожидает,1,1,0,humanresources.node.add
api-reference/departments/node/humanresources-node-children.md,departments,Аня,ожидает,1,1,0,humanresources.node.children
api-reference/departments/node/humanresources-node-count.md,departments,Аня,ожидает,1,1,0,humanresources.node.count
api-reference/departments/node/humanresources-node-edit.md,departments,Аня,ожидает,1,1,0,humanresources.node.edit
api-reference/departments/node/humanresources-node-field-get.md,departments,Аня,ожидает,1,1,0,humanresources.node.field.get
api-reference/departments/node/humanresources-node-field-list.md,departments,Аня,ожидает,1,1,0,humanresources.node.field.list
api-reference/departments/node/humanresources-node-get.md,departments,Аня,ожидает,1,1,0,humanresources.node.get
api-reference/departments/node/humanresources-node-list.md,departments,Аня,ожидает,1,1,0,humanresources.node.list
api-reference/departments/node/humanresources-node-move.md,departments,Аня,ожидает,1,1,0,humanresources.node.move
api-reference/departments/node/humanresources-node-search.md,departments,Аня,ожидает,1,1,0,humanresources.node.search
api-reference/departments/node-communication/humanresources-node-communication-edit.md,departments,Аня,ожидает,1,1,0,humanresources.node.communication.edit
api-reference/departments/node-communication/humanresources-node-communication-list.md,departments,Аня,ожидает,1,1,0,humanresources.node.communication.list
api-reference/departments/node-member/humanresources-node-member-add.md,departments,Аня,ожидает,1,1,0,humanresources.node.member.add
api-reference/departments/node-member/humanresources-node-member-field-get.md,departments,Аня,ожидает,1,1,0,humanresources.node.member.field.get
api-reference/departments/node-member/humanresources-node-member-field-list.md,departments,Аня,ожидает,1,1,0,humanresources.node.member.field.list
api-reference/departments/node-member/humanresources-node-member-move.md,departments,Аня,ожидает,1,1,0,humanresources.node.member.move
api-reference/departments/node-member/humanresources-node-member-remove.md,departments,Аня,ожидает,1,1,0,humanresources.node.member.remove
api-reference/departments/node-member/humanresources-node-member-set.md,departments,Аня,ожидает,1,1,0,humanresources.node.member.set
api-reference/disk/attached-object/disk-attached-object-get.md,disk,Аня,ожидает,1,1,0,disk.attachedObject.get
api-reference/disk/file/disk-file-copy-to.md,disk,Аня,ожидает,1,1,0,disk.file.copyTo
api-reference/disk/file/disk-file-delete.md,disk,Аня,ожидает,1,1,0,disk.file.delete
api-reference/disk/file/disk-file-get-external-link.md,disk,Аня,ожидает,1,1,0,disk.file.getExternalLink
api-reference/disk/file/disk-file-get-fields.md,disk,Аня,ожидает,1,1,0,disk.file.getFields
api-reference/disk/file/disk-file-get-versions.md,disk,Аня,ожидает,1,1,0,disk.file.getVersions
api-reference/disk/file/disk-file-get.md,disk,Аня,ожидает,1,1,0,disk.file.get
api-reference/disk/file/disk-file-mark-deleted.md,disk,Аня,ожидает,1,1,0,disk.file.markDeleted
api-reference/disk/file/disk-file-move-to.md,disk,Аня,ожидает,1,1,0,disk.file.moveTo
api-reference/disk/file/disk-file-rename.md,disk,Аня,ожидает,1,1,0,disk.file.rename
api-reference/disk/file/disk-file-restore-from-version.md,disk,Аня,ожидает,1,1,0,disk.file.restoreFromVersion
api-reference/disk/file/disk-file-restore.md,disk,Аня,ожидает,1,1,0,disk.file.restore
api-reference/disk/file/disk-file-search.md,disk,Аня,ожидает,1,1,0,disk.file.search
api-reference/disk/file/disk-file-upload-version.md,disk,Аня,ожидает,1,1,0,disk.file.uploadVersion
api-reference/disk/folder/disk-folder-add-subfolder.md,disk,Аня,ожидает,1,1,0,disk.folder.addSubFolder
api-reference/disk/folder/disk-folder-copy-to.md,disk,Аня,ожидает,1,1,0,disk.folder.copyTo
api-reference/disk/folder/disk-folder-delete-tree.md,disk,Аня,ожидает,1,1,0,disk.folder.deleteTree
api-reference/disk/folder/disk-folder-get-children.md,disk,Аня,ожидает,1,1,0,disk.folder.getChildren
api-reference/disk/folder/disk-folder-get-external-link.md,disk,Аня,ожидает,1,1,0,disk.folder.getExternalLink
api-reference/disk/folder/disk-folder-get-fields.md,disk,Аня,ожидает,1,1,0,disk.folder.getFields
api-reference/disk/folder/disk-folder-get.md,disk,Аня,ожидает,1,1,0,disk.folder.get
api-reference/disk/folder/disk-folder-mark-deleted.md,disk,Аня,ожидает,1,1,0,disk.folder.markDeleted
api-reference/disk/folder/disk-folder-move-to.md,disk,Аня,ожидает,1,1,0,disk.folder.moveTo
api-reference/disk/folder/disk-folder-rename.md,disk,Аня,ожидает,1,1,0,disk.folder.rename
api-reference/disk/folder/disk-folder-restore.md,disk,Аня,ожидает,1,1,0,disk.folder.restore
api-reference/disk/folder/disk-folder-share-to-user.md,disk,Аня,ожидает,1,1,0,disk.folder.shareToUser
api-reference/disk/folder/disk-folder-upload-file.md,disk,Аня,нужен разбор вручную,2,1,0,disk.folder.uploadFile
api-reference/disk/rights/disk-rights-get-tasks.md,disk,Аня,ожидает,1,1,0,disk.rights.getTasks
api-reference/disk/storage/disk-storage-add-folder.md,disk,Аня,ожидает,1,1,0,disk.storage.addFolder
api-reference/disk/storage/disk-storage-get-children.md,disk,Аня,ожидает,1,1,0,disk.storage.getChildren
api-reference/disk/storage/disk-storage-get-fields.md,disk,Аня,ожидает,1,1,0,disk.storage.getFields
api-reference/disk/storage/disk-storage-get-for-app.md,disk,Аня,ожидает,1,1,0,disk.storage.getForApp
api-reference/disk/storage/disk-storage-get-list.md,disk,Аня,ожидает,1,1,0,disk.storage.getList
api-reference/disk/storage/disk-storage-get-types.md,disk,Аня,ожидает,1,1,0,disk.storage.getTypes
api-reference/disk/storage/disk-storage-get.md,disk,Аня,ожидает,1,1,0,disk.storage.get
api-reference/disk/storage/disk-storage-rename.md,disk,Аня,ожидает,1,1,0,disk.storage.rename
api-reference/disk/storage/disk-storage-upload-file.md,disk,Аня,ожидает,1,1,0,disk.storage.uploadFile
api-reference/disk/version/disk-version-get.md,disk,Аня,ожидает,1,1,0,disk.version.get
api-reference/document-generator/document-generator-document-add.md,document-generator,Владимир,ожидает,1,1,0,documentgenerator.document.add
api-reference/document-generator/document-generator-document-delete.md,document-generator,Владимир,ожидает,1,1,0,documentgenerator.document.delete
api-reference/document-generator/document-generator-document-enable-public-url.md,document-generator,Владимир,ожидает,1,1,0,documentgenerator.document.enablepublicurl
api-reference/document-generator/document-generator-document-get-fields.md,document-generator,Владимир,ожидает,1,1,0,documentgenerator.document.getfields
api-reference/document-generator/document-generator-document-get.md,document-generator,Владимир,ожидает,1,1,0,documentgenerator.document.get
api-reference/document-generator/document-generator-document-list.md,document-generator,Владимир,ожидает,1,1,0,documentgenerator.document.list
api-reference/document-generator/document-generator-document-update.md,document-generator,Владимир,ожидает,1,1,0,documentgenerator.document.update
api-reference/document-generator/numerators/document-generator-numerator-add.md,document-generator,Владимир,ожидает,1,1,0,documentgenerator.numerator.add
api-reference/document-generator/numerators/document-generator-numerator-delete.md,document-generator,Владимир,ожидает,1,1,0,documentgenerator.numerator.delete
api-reference/document-generator/numerators/document-generator-numerator-get.md,document-generator,Владимир,ожидает,1,1,0,documentgenerator.numerator.get
api-reference/document-generator/numerators/document-generator-numerator-list.md,document-generator,Владимир,ожидает,1,1,0,documentgenerator.numerator.list
api-reference/document-generator/numerators/document-generator-numerator-update.md,document-generator,Владимир,ожидает,1,1,0,documentgenerator.numerator.update
api-reference/document-generator/region/document-generator-region-add.md,document-generator,Владимир,ожидает,1,1,0,documentgenerator.region.add
api-reference/document-generator/region/document-generator-region-delete.md,document-generator,Владимир,ожидает,1,1,0,documentgenerator.region.delete
api-reference/document-generator/region/document-generator-region-get.md,document-generator,Владимир,ожидает,1,1,0,documentgenerator.region.get
api-reference/document-generator/region/document-generator-region-list.md,document-generator,Владимир,ожидает,1,1,0,documentgenerator.region.list
api-reference/document-generator/region/document-generator-region-update.md,document-generator,Владимир,ожидает,1,1,0,documentgenerator.region.update
api-reference/document-generator/role/document-generator-role-add.md,document-generator,Владимир,ожидает,1,1,0,documentgenerator.role.add
api-reference/document-generator/role/document-generator-role-delete.md,document-generator,Владимир,ожидает,1,1,0,documentgenerator.role.delete
api-reference/document-generator/role/document-generator-role-fill-accesses.md,document-generator,Владимир,ожидает,1,1,0,documentgenerator.role.fillaccesses
api-reference/document-generator/role/document-generator-role-get.md,document-generator,Владимир,ожидает,1,1,0,documentgenerator.role.get
api-reference/document-generator/role/document-generator-role-list.md,document-generator,Владимир,ожидает,1,1,0,documentgenerator.role.list
api-reference/document-generator/role/document-generator-role-update.md,document-generator,Владимир,ожидает,1,1,0,documentgenerator.role.update
api-reference/document-generator/templates/document-generator-template-add.md,document-generator,Владимир,ожидает,1,1,0,documentgenerator.template.add
api-reference/document-generator/templates/document-generator-template-delete.md,document-generator,Владимир,ожидает,1,1,0,documentgenerator.template.delete
api-reference/document-generator/templates/document-generator-template-get-fields.md,document-generator,Владимир,ожидает,1,1,0,documentgenerator.template.getfields
api-reference/document-generator/templates/document-generator-template-get.md,document-generator,Владимир,ожидает,1,1,0,documentgenerator.template.get
api-reference/document-generator/templates/document-generator-template-list.md,document-generator,Владимир,ожидает,1,1,0,documentgenerator.template.list
api-reference/document-generator/templates/document-generator-template-update.md,document-generator,Владимир,ожидает,1,1,0,documentgenerator.template.update
api-reference/entity/entities/entity-add.md,entity,Владимир,ожидает,1,1,0,entity.add
api-reference/entity/entities/entity-delete.md,entity,Владимир,ожидает,1,1,0,entity.delete
api-reference/entity/entities/entity-get.md,entity,Владимир,ожидает,1,1,0,entity.get
api-reference/entity/entities/entity-rights.md,entity,Владимир,ожидает,1,1,0,entity.rights
api-reference/entity/entities/entity-update.md,entity,Владимир,ожидает,1,1,0,entity.update
api-reference/entity/items/entity-item-add.md,entity,Владимир,ожидает,1,1,0,entity.item.add
api-reference/entity/items/entity-item-delete.md,entity,Владимир,ожидает,1,1,0,entity.item.delete
api-reference/entity/items/entity-item-get.md,entity,Владимир,ожидает,1,1,0,entity.item.get
api-reference/entity/items/entity-item-update.md,entity,Владимир,ожидает,1,1,0,entity.item.update
api-reference/entity/items/properties/entity-item-property-add.md,entity,Владимир,ожидает,1,1,0,entity.item.property.add
api-reference/entity/items/properties/entity-item-property-delete.md,entity,Владимир,ожидает,1,1,0,entity.item.property.delete
api-reference/entity/items/properties/entity-item-property-get.md,entity,Владимир,ожидает,1,1,0,entity.item.property.get
api-reference/entity/items/properties/entity-item-property-update.md,entity,Владимир,ожидает,1,1,0,entity.item.property.update
api-reference/entity/sections/entity-section-add.md,entity,Владимир,ожидает,1,1,0,entity.section.add
api-reference/entity/sections/entity-section-delete.md,entity,Владимир,ожидает,1,1,0,entity.section.delete
api-reference/entity/sections/entity-section-get.md,entity,Владимир,ожидает,1,1,0,entity.section.get
api-reference/entity/sections/entity-section-update.md,entity,Владимир,ожидает,1,1,0,entity.section.update
api-reference/event-log/main-eventlog-field-get.md,event-log,Владимир,ожидает,1,1,0,main.eventlog.field.get
api-reference/event-log/main-eventlog-field-list.md,event-log,Владимир,ожидает,1,1,0,main.eventlog.field.list
api-reference/event-log/main-eventlog-get.md,event-log,Владимир,ожидает,1,1,0,main.eventlog.get
api-reference/event-log/main-eventlog-list.md,event-log,Владимир,ожидает,1,1,0,main.eventlog.list
api-reference/event-log/main-eventlog-tail.md,event-log,Владимир,ожидает,1,1,0,main.eventlog.tail
api-reference/events/event-bind.md,events,Аня,ожидает,1,1,0,event.bind
api-reference/events/event-get.md,events,Аня,ожидает,1,1,0,event.get
api-reference/events/event-offline-clear.md,events,Аня,ожидает,1,1,0,event.offline.clear
api-reference/events/event-offline-error.md,events,Аня,ожидает,1,1,0,event.offline.error
api-reference/events/event-offline-get.md,events,Аня,ожидает,1,1,0,event.offline.get
api-reference/events/event-offline-list.md,events,Аня,ожидает,1,1,0,event.offline.list
api-reference/events/event-unbind.md,events,Аня,нужен разбор вручную,1,0,0,
api-reference/events/events.md,events,Аня,нужен разбор вручную,1,0,0,
api-reference/events/offline-events.md,events,Аня,нужен разбор вручную,7,6,0,crm.deal.update;event.bind;event.offline.clear;event.offline.error;event.offline.get;feature.get
api-reference/events/test-handler.md,events,Аня,нужен разбор вручную,4,2,0,event.bind;event.test
api-reference/files/how-to-update-files.md,files,Владимир,ожидает,12,12,0,bizproc.workflow.template.update;catalog.product.get;catalog.product.update;crm.item.list;crm.item.update;crm.timeline.comment.update;lists.element.get;lists.element.update;log.blogpost.get;log.blogpost.update
api-reference/files/how-to-upload-files.md,files,Владимир,ожидает,8,8,0,bizproc.workflow.template.add;catalog.product.add;crm.item.add;crm.lead.add;disk.file.uploadversion;documentgenerator.template.add;telephony.externalCall.attachRecord
api-reference/imopenlines/imconnector/imconnector-activate.md,imopenlines,Владимир,ожидает,1,1,0,imconnector.activate
api-reference/imopenlines/imconnector/imconnector-chat-name-set.md,imopenlines,Владимир,ожидает,1,1,0,imconnector.chat.name.set
api-reference/imopenlines/imconnector/imconnector-connector-data-set.md,imopenlines,Владимир,ожидает,1,1,0,imconnector.connector.data.set
api-reference/imopenlines/imconnector/imconnector-delete-messages.md,imopenlines,Владимир,ожидает,1,1,0,imconnector.delete.messages
api-reference/imopenlines/imconnector/imconnector-list.md,imopenlines,Владимир,ожидает,1,1,0,imconnector.list
api-reference/imopenlines/imconnector/imconnector-register.md,imopenlines,Владимир,ожидает,1,1,0,imconnector.register
api-reference/imopenlines/imconnector/imconnector-send-messages.md,imopenlines,Владимир,ожидает,1,1,0,imconnector.send.messages
api-reference/imopenlines/imconnector/imconnector-send-status-delivery.md,imopenlines,Владимир,ожидает,1,1,0,imconnector.send.status.delivery
api-reference/imopenlines/imconnector/imconnector-send-status-reading.md,imopenlines,Владимир,ожидает,1,1,0,imconnector.send.status.reading
api-reference/imopenlines/imconnector/imconnector-status.md,imopenlines,Владимир,ожидает,1,1,0,imconnector.status
api-reference/imopenlines/imconnector/imconnector-unregister.md,imopenlines,Владимир,ожидает,1,1,0,imconnector.unregister
api-reference/imopenlines/imconnector/imconnector-update-messages.md,imopenlines,Владимир,ожидает,1,1,0,imconnector.update.messages
api-reference/imopenlines/openlines/chat-bots/imopenlines-bot-session-finish.md,imopenlines,Владимир,ожидает,1,1,0,imopenlines.bot.session.finish
api-reference/imopenlines/openlines/chat-bots/imopenlines-bot-session-message-send.md,imopenlines,Владимир,ожидает,1,1,0,imopenlines.bot.session.message.send
api-reference/imopenlines/openlines/chat-bots/imopenlines-bot-session-operator.md,imopenlines,Владимир,ожидает,1,1,0,imopenlines.bot.session.operator
api-reference/imopenlines/openlines/chat-bots/imopenlines-bot-session-transfer.md,imopenlines,Владимир,ожидает,1,1,0,imopenlines.bot.session.transfer
api-reference/imopenlines/openlines/chats/imopenlines-crm-chat-get-last-id.md,imopenlines,Владимир,ожидает,1,1,0,imopenlines.crm.chat.getLastId
api-reference/imopenlines/openlines/chats/imopenlines-crm-chat-get.md,imopenlines,Владимир,ожидает,1,1,0,imopenlines.crm.chat.get
api-reference/imopenlines/openlines/chats/imopenlines-crm-chat-user-add.md,imopenlines,Владимир,ожидает,1,1,0,imopenlines.crm.chat.user.add
api-reference/imopenlines/openlines/chats/imopenlines-crm-chat-user-delete.md,imopenlines,Владимир,ожидает,1,1,0,imopenlines.crm.chat.user.delete
api-reference/imopenlines/openlines/imopenlines-config-add.md,imopenlines,Владимир,ожидает,1,1,0,imopenlines.config.add
api-reference/imopenlines/openlines/imopenlines-config-delete.md,imopenlines,Владимир,ожидает,1,1,0,imopenlines.config.delete
api-reference/imopenlines/openlines/imopenlines-config-get.md,imopenlines,Владимир,ожидает,1,1,0,imopenlines.config.get
api-reference/imopenlines/openlines/imopenlines-config-list-get.md,imopenlines,Владимир,ожидает,1,1,0,imopenlines.config.list.get
api-reference/imopenlines/openlines/imopenlines-config-path-get.md,imopenlines,Владимир,ожидает,1,1,0,imopenlines.config.path.get
api-reference/imopenlines/openlines/imopenlines-config-update.md,imopenlines,Владимир,ожидает,1,1,0,imopenlines.config.update
api-reference/imopenlines/openlines/imopenlines-network-join.md,imopenlines,Владимир,ожидает,1,1,0,imopenlines.network.join
api-reference/imopenlines/openlines/imopenlines-network-message-add.md,imopenlines,Владимир,ожидает,1,1,0,imopenlines.network.message.add
api-reference/imopenlines/openlines/imopenlines-revision-get.md,imopenlines,Владимир,ожидает,1,1,0,imopenlines.revision.get
api-reference/imopenlines/openlines/messages/imopenlines-crm-message-add.md,imopenlines,Владимир,ожидает,1,1,0,imopenlines.crm.message.add
api-reference/imopenlines/openlines/messages/imopenlines-message-quick-save.md,imopenlines,Владимир,ожидает,1,1,0,imopenlines.message.quick.save
api-reference/imopenlines/openlines/operators/imopenlines-operator-another-finish.md,imopenlines,Владимир,ожидает,1,1,0,imopenlines.operator.another.finish
api-reference/imopenlines/openlines/operators/imopenlines-operator-answer.md,imopenlines,Владимир,ожидает,1,1,0,imopenlines.operator.answer
api-reference/imopenlines/openlines/operators/imopenlines-operator-finish.md,imopenlines,Владимир,ожидает,1,1,0,imopenlines.operator.finish
api-reference/imopenlines/openlines/operators/imopenlines-operator-skip.md,imopenlines,Владимир,ожидает,1,1,0,imopenlines.operator.skip
api-reference/imopenlines/openlines/operators/imopenlines-operator-spam.md,imopenlines,Владимир,ожидает,1,1,0,imopenlines.operator.spam
api-reference/imopenlines/openlines/operators/imopenlines-operator-transfer.md,imopenlines,Владимир,ожидает,1,1,0,imopenlines.operator.transfer
api-reference/imopenlines/openlines/sessions/imopenlines-crm-lead-create.md,imopenlines,Владимир,ожидает,1,1,0,imopenlines.crm.lead.create
api-reference/imopenlines/openlines/sessions/imopenlines-dialog-get.md,imopenlines,Владимир,ожидает,1,1,0,imopenlines.dialog.get
api-reference/imopenlines/openlines/sessions/imopenlines-message-session-start.md,imopenlines,Владимир,ожидает,1,1,0,imopenlines.message.session.start
api-reference/imopenlines/openlines/sessions/imopenlines-session-head-vote.md,imopenlines,Владимир,ожидает,1,1,0,imopenlines.session.head.vote
api-reference/imopenlines/openlines/sessions/imopenlines-session-history-get.md,imopenlines,Владимир,ожидает,1,1,0,imopenlines.session.history.get
api-reference/imopenlines/openlines/sessions/imopenlines-session-intercept.md,imopenlines,Владимир,ожидает,1,1,0,imopenlines.session.intercept
api-reference/imopenlines/openlines/sessions/imopenlines-session-join.md,imopenlines,Владимир,ожидает,1,1,0,imopenlines.session.join
api-reference/imopenlines/openlines/sessions/imopenlines-session-mode-pin-all.md,imopenlines,Владимир,ожидает,1,1,0,imopenlines.session.mode.pinAll
api-reference/imopenlines/openlines/sessions/imopenlines-session-mode-pin.md,imopenlines,Владимир,ожидает,1,1,0,imopenlines.session.mode.pin
api-reference/imopenlines/openlines/sessions/imopenlines-session-mode-silent.md,imopenlines,Владимир,ожидает,1,1,0,imopenlines.session.mode.silent
api-reference/imopenlines/openlines/sessions/imopenlines-session-mode-unpin-all.md,imopenlines,Владимир,ожидает,1,1,0,imopenlines.session.mode.unpinAll
api-reference/imopenlines/openlines/sessions/imopenlines-session-open.md,imopenlines,Владимир,ожидает,1,1,0,imopenlines.session.open
api-reference/imopenlines/openlines/sessions/imopenlines-session-start.md,imopenlines,Владимир,ожидает,1,1,0,imopenlines.session.start
api-reference/landing/block/methods/landing-block-add-card.md,landing,Владимир,ожидает,1,1,0,landing.block.addcard
api-reference/landing/block/methods/landing-block-change-anchor.md,landing,Владимир,ожидает,1,1,0,landing.block.changeAnchor
api-reference/landing/block/methods/landing-block-change-node-name.md,landing,Владимир,ожидает,1,1,0,landing.block.changeNodeName
api-reference/landing/block/methods/landing-block-clone-card.md,landing,Владимир,ожидает,1,1,0,landing.block.clonecard
api-reference/landing/block/methods/landing-block-get-by-id.md,landing,Владимир,ожидает,1,1,0,landing.block.getbyid
api-reference/landing/block/methods/landing-block-get-content-from-repository.md,landing,Владимир,ожидает,1,1,0,landing.block.getContentFromRepository
api-reference/landing/block/methods/landing-block-get-content.md,landing,Владимир,ожидает,1,1,0,landing.block.getcontent
api-reference/landing/block/methods/landing-block-get-list.md,landing,Владимир,ожидает,1,1,0,landing.block.getlist
api-reference/landing/block/methods/landing-block-get-manifest-file.md,landing,Владимир,ожидает,1,1,0,landing.block.getmanifestfile
api-reference/landing/block/methods/landing-block-get-manifest.md,landing,Владимир,ожидает,1,1,0,landing.block.getmanifest
api-reference/landing/block/methods/landing-block-get-repository.md,landing,Владимир,ожидает,1,1,0,landing.block.getrepository
api-reference/landing/block/methods/landing-block-remove-card.md,landing,Владимир,ожидает,1,1,0,landing.block.removecard
api-reference/landing/block/methods/landing-block-update-attrs.md,landing,Владимир,ожидает,1,1,0,landing.block.updateattrs
api-reference/landing/block/methods/landing-block-update-cards.md,landing,Владимир,ожидает,1,1,0,landing.block.updateCards
api-reference/landing/block/methods/landing-block-update-content.md,landing,Владимир,ожидает,1,1,0,landing.block.updatecontent
api-reference/landing/block/methods/landing-block-update-nodes.md,landing,Владимир,ожидает,1,1,0,landing.block.updatenodes
api-reference/landing/block/methods/landing-block-update-styles.md,landing,Владимир,ожидает,1,1,0,landing.block.updateStyles
api-reference/landing/block/methods/landing-block-upload-file.md,landing,Владимир,ожидает,1,1,0,landing.block.uploadfile
api-reference/landing/demos/landing-demos-get-list.md,landing,Владимир,ожидает,1,1,0,landing.demos.getList
api-reference/landing/demos/landing-demos-get-page-list.md,landing,Владимир,ожидает,1,1,0,landing.demos.getPageList
api-reference/landing/demos/landing-demos-get-site-list.md,landing,Владимир,ожидает,1,1,0,landing.demos.getSiteList
api-reference/landing/demos/landing-demos-register.md,landing,Владимир,ожидает,1,1,0,landing.demos.register
api-reference/landing/demos/landing-demos-unregister.md,landing,Владимир,ожидает,1,1,0,landing.demos.unregister
api-reference/landing/embedding/block.md,landing,Владимир,ожидает,3,3,0,landing.repo.bind;placement.call
api-reference/landing/embedding/knowledge-base/landing-site-binding-to-group.md,landing,Владимир,ожидает,1,1,0,landing.site.bindingToGroup
api-reference/landing/embedding/knowledge-base/landing-site-binding-to-menu.md,landing,Владимир,ожидает,1,1,0,landing.site.bindingToMenu
api-reference/landing/embedding/knowledge-base/landing-site-get-group-bindings.md,landing,Владимир,ожидает,1,1,0,landing.site.getGroupBindings
api-reference/landing/embedding/knowledge-base/landing-site-get-menu-bindings.md,landing,Владимир,ожидает,1,1,0,landing.site.getMenuBindings
api-reference/landing/embedding/knowledge-base/landing-site-unbinding-from-group.md,landing,Владимир,ожидает,1,1,0,landing.site.unbindingFromGroup
api-reference/landing/embedding/knowledge-base/landing-site-unbinding-from-menu.md,landing,Владимир,ожидает,1,1,0,landing.site.unbindingFromMenu
api-reference/landing/embedding/landing-repo-unbind.md,landing,Владимир,ожидает,1,1,0,landing.repo.unbind
api-reference/landing/embedding/settings.md,landing,Владимир,ожидает,1,1,0,landing.repo.bind
api-reference/landing/page/block-methods/landing-landing-add-block.md,landing,Владимир,ожидает,1,1,0,landing.landing.addblock
api-reference/landing/page/block-methods/landing-landing-copy-block.md,landing,Владимир,ожидает,1,1,0,landing.landing.copyblock
api-reference/landing/page/block-methods/landing-landing-delete-block.md,landing,Владимир,ожидает,1,1,0,landing.landing.deleteblock
api-reference/landing/page/block-methods/landing-landing-down-block.md,landing,Владимир,ожидает,1,1,0,landing.landing.downblock
api-reference/landing/page/block-methods/landing-landing-favorite-block.md,landing,Владимир,ожидает,1,1,0,landing.landing.favoriteBlock
api-reference/landing/page/block-methods/landing-landing-hide-block.md,landing,Владимир,ожидает,1,1,0,landing.landing.hideblock
api-reference/landing/page/block-methods/landing-landing-mark-deleted-block.md,landing,Владимир,ожидает,1,1,0,landing.landing.markdeletedblock
api-reference/landing/page/block-methods/landing-landing-mark-undeleted-block.md,landing,Владимир,ожидает,1,1,0,landing.landing.markundeletedblock
api-reference/landing/page/block-methods/landing-landing-move-block.md,landing,Владимир,ожидает,1,1,0,landing.landing.moveblock
api-reference/landing/page/block-methods/landing-landing-show-block.md,landing,Владимир,ожидает,1,1,0,landing.landing.showblock
api-reference/landing/page/block-methods/landing-landing-unfavorite-block.md,landing,Владимир,ожидает,1,1,0,landing.landing.unFavoriteBlock
api-reference/landing/page/block-methods/landing-landing-up-block.md,landing,Владимир,ожидает,1,1,0,landing.landing.upblock
api-reference/landing/page/methods/landing-landing-add-by-template.md,landing,Владимир,ожидает,1,1,0,landing.landing.addByTemplate
api-reference/landing/page/methods/landing-landing-add.md,landing,Владимир,ожидает,1,1,0,landing.landing.add
api-reference/landing/page/methods/landing-landing-copy.md,landing,Владимир,ожидает,1,1,0,landing.landing.copy
api-reference/landing/page/methods/landing-landing-delete.md,landing,Владимир,ожидает,1,1,0,landing.landing.delete
api-reference/landing/page/methods/landing-landing-get-additional-fields.md,landing,Владимир,ожидает,1,1,0,landing.landing.getadditionalfields
api-reference/landing/page/methods/landing-landing-get-list.md,landing,Владимир,ожидает,1,1,0,landing.landing.getList
api-reference/landing/page/methods/landing-landing-get-preview.md,landing,Владимир,ожидает,1,1,0,landing.landing.getpreview
api-reference/landing/page/methods/landing-landing-get-public-url.md,landing,Владимир,ожидает,1,1,0,landing.landing.getpublicurl
api-reference/landing/page/methods/landing-landing-mark-delete.md,landing,Владимир,ожидает,1,1,0,landing.landing.markDelete
api-reference/landing/page/methods/landing-landing-mark-undelete.md,landing,Владимир,ожидает,1,1,0,landing.landing.markUnDelete
api-reference/landing/page/methods/landing-landing-move.md,landing,Владимир,ожидает,1,1,0,landing.landing.move
api-reference/landing/page/methods/landing-landing-publication.md,landing,Владимир,ожидает,1,1,0,landing.landing.publication
api-reference/landing/page/methods/landing-landing-remove-entities.md,landing,Владимир,ожидает,1,1,0,landing.landing.removeEntities
api-reference/landing/page/methods/landing-landing-resolve-id-by-public-url.md,landing,Владимир,ожидает,1,1,0,landing.landing.resolveIdByPublicUrl
api-reference/landing/page/methods/landing-landing-unpublic.md,landing,Владимир,ожидает,1,1,0,landing.landing.unpublic
api-reference/landing/page/methods/landing-landing-update.md,landing,Владимир,ожидает,1,1,0,landing.landing.update
api-reference/landing/page/special-pages/landing-syspage-delete-for-landing.md,landing,Владимир,ожидает,1,1,0,landing.syspage.deleteForLanding
api-reference/landing/page/special-pages/landing-syspage-delete-for-site.md,landing,Владимир,ожидает,1,1,0,landing.syspage.deleteForSite
api-reference/landing/page/special-pages/landing-syspage-get-special-page.md,landing,Владимир,ожидает,1,1,0,landing.syspage.getSpecialPage
api-reference/landing/page/special-pages/landing-syspage-get.md,landing,Владимир,ожидает,1,1,0,landing.syspage.get
api-reference/landing/page/special-pages/landing-syspage-set.md,landing,Владимир,ожидает,1,1,0,landing.syspage.set
api-reference/landing/rights/extended-model/landing-site-get-rights.md,landing,Владимир,ожидает,1,1,0,landing.site.getRights
api-reference/landing/rights/extended-model/landing-site-set-rights.md,landing,Владимир,ожидает,1,1,0,landing.site.setRights
api-reference/landing/rights/landing-role-enable.md,landing,Владимир,ожидает,1,1,0,landing.role.enable
api-reference/landing/rights/landing-role-is-enabled.md,landing,Владимир,ожидает,1,1,0,landing.role.isEnabled
api-reference/landing/rights/role-model/landing-role-get-list.md,landing,Владимир,ожидает,1,1,0,landing.role.getList
api-reference/landing/rights/role-model/landing-role-get-rights.md,landing,Владимир,ожидает,1,1,0,landing.role.getRights
api-reference/landing/rights/role-model/landing-role-set-access-codes.md,landing,Владимир,ожидает,1,1,0,landing.role.setAccessCodes
api-reference/landing/rights/role-model/landing-role-set-rights.md,landing,Владимир,ожидает,1,1,0,landing.role.setRights
api-reference/landing/site/landing-site-add-folder.md,landing,Владимир,ожидает,1,1,0,landing.site.addFolder
api-reference/landing/site/landing-site-add.md,landing,Владимир,ожидает,1,1,0,landing.site.add
api-reference/landing/site/landing-site-delete.md,landing,Владимир,ожидает,1,1,0,landing.site.delete
api-reference/landing/site/landing-site-full-export.md,landing,Владимир,ожидает,1,1,0,landing.site.fullExport
api-reference/landing/site/landing-site-get-additional-fields.md,landing,Владимир,ожидает,1,1,0,landing.site.getadditionalfields
api-reference/landing/site/landing-site-get-folders.md,landing,Владимир,ожидает,1,1,0,landing.site.getFolders
api-reference/landing/site/landing-site-get-list.md,landing,Владимир,ожидает,1,1,0,landing.site.getList
api-reference/landing/site/landing-site-get-preview.md,landing,Владимир,ожидает,1,1,0,landing.site.getPreview
api-reference/landing/site/landing-site-get-public-url.md,landing,Владимир,ожидает,1,1,0,landing.site.getPublicUrl
api-reference/landing/site/landing-site-mark-delete.md,landing,Владимир,ожидает,1,1,0,landing.site.markDelete
api-reference/landing/site/landing-site-mark-folder-delete.md,landing,Владимир,ожидает,1,1,0,landing.site.markFolderDelete
api-reference/landing/site/landing-site-mark-folder-undelete.md,landing,Владимир,ожидает,1,1,0,landing.site.markFolderUnDelete
api-reference/landing/site/landing-site-mark-undelete.md,landing,Владимир,ожидает,1,1,0,landing.site.markUnDelete
api-reference/landing/site/landing-site-publication-folder.md,landing,Владимир,ожидает,1,1,0,landing.site.publicationFolder
api-reference/landing/site/landing-site-publication.md,landing,Владимир,ожидает,1,1,0,landing.site.publication
api-reference/landing/site/landing-site-unpublic-folder.md,landing,Владимир,ожидает,1,1,0,landing.site.unPublicFolder
api-reference/landing/site/landing-site-unpublic.md,landing,Владимир,ожидает,1,1,0,landing.site.unpublic
api-reference/landing/site/landing-site-update-folder.md,landing,Владимир,ожидает,1,1,0,landing.site.updateFolder
api-reference/landing/site/landing-site-update.md,landing,Владимир,ожидает,1,1,0,landing.site.update
api-reference/landing/template/landing-template-get-landing-ref.md,landing,Владимир,ожидает,1,1,0,landing.template.getLandingRef
api-reference/landing/template/landing-template-get-list.md,landing,Владимир,ожидает,1,1,0,landing.template.getlist
api-reference/landing/template/landing-template-get-site-ref.md,landing,Владимир,ожидает,1,1,0,landing.template.getSiteRef
api-reference/landing/template/landing-template-set-landing-ref.md,landing,Владимир,ожидает,1,1,0,landing.template.setLandingRef
api-reference/landing/template/landing-template-set-site-ref.md,landing,Владимир,ожидает,1,1,0,landing.template.setSiteRef
api-reference/landing/user-blocks/landing-repo-check-content.md,landing,Владимир,ожидает,1,1,0,landing.repo.checkContent
api-reference/landing/user-blocks/landing-repo-get-list.md,landing,Владимир,ожидает,1,1,0,landing.repo.getList
api-reference/landing/user-blocks/landing-repo-register.md,landing,Владимир,ожидает,1,1,0,landing.repo.register
api-reference/landing/user-blocks/landing-repo-unregister.md,landing,Владимир,ожидает,1,1,0,landing.repo.unregister
api-reference/lists/elements/lists-element-add.md,lists,Владимир,ожидает,1,1,0,lists.element.add
api-reference/lists/elements/lists-element-delete.md,lists,Владимир,ожидает,1,1,0,lists.element.delete
api-reference/lists/elements/lists-element-get-file-url.md,lists,Владимир,ожидает,1,1,0,lists.element.get.file.url
api-reference/lists/elements/lists-element-get.md,lists,Владимир,ожидает,1,1,0,lists.element.get
api-reference/lists/elements/lists-element-update.md,lists,Владимир,ожидает,1,1,0,lists.element.update
api-reference/lists/fields/lists-field-add.md,lists,Владимир,ожидает,1,1,0,lists.field.add
api-reference/lists/fields/lists-field-delete.md,lists,Владимир,ожидает,1,1,0,lists.field.delete
api-reference/lists/fields/lists-field-get.md,lists,Владимир,ожидает,1,1,0,lists.field.get
api-reference/lists/fields/lists-field-type-get.md,lists,Владимир,ожидает,1,1,0,lists.field.type.get
api-reference/lists/fields/lists-field-update.md,lists,Владимир,ожидает,1,1,0,lists.field.update
api-reference/lists/lists/lists-add.md,lists,Владимир,ожидает,1,1,0,lists.add
api-reference/lists/lists/lists-delete.md,lists,Владимир,ожидает,1,1,0,lists.delete
api-reference/lists/lists/lists-get-iblock-type-id.md,lists,Владимир,ожидает,1,1,0,lists.get.iblock.type.id
api-reference/lists/lists/lists-get.md,lists,Владимир,ожидает,1,1,0,lists.get
api-reference/lists/lists/lists-update.md,lists,Владимир,ожидает,1,1,0,lists.update
api-reference/lists/sections/lists-section-add.md,lists,Владимир,ожидает,1,1,0,lists.section.add
api-reference/lists/sections/lists-section-delete.md,lists,Владимир,ожидает,1,1,0,lists.section.delete
api-reference/lists/sections/lists-section-get.md,lists,Владимир,ожидает,1,1,0,lists.section.get
api-reference/lists/sections/lists-section-update.md,lists,Владимир,ожидает,1,1,0,lists.section.update
api-reference/log/blogcomment/log-blogcomment-add.md,log,Владимир,ожидает,1,1,0,log.blogcomment.add
api-reference/log/blogcomment/log-blogcomment-delete.md,log,Владимир,ожидает,1,1,0,log.blogcomment.delete
api-reference/log/blogcomment/log-blogcomment-user-get.md,log,Владимир,ожидает,1,1,0,log.blogcomment.user.get
api-reference/log/log-blogpost-add.md,log,Владимир,ожидает,1,1,0,log.blogpost.add
api-reference/log/log-blogpost-delete.md,log,Владимир,ожидает,1,1,0,log.blogpost.delete
api-reference/log/log-blogpost-get.md,log,Владимир,ожидает,1,1,0,log.blogpost.get
api-reference/log/log-blogpost-getusers-important.md,log,Владимир,ожидает,1,1,0,log.blogpost.getusers.important
api-reference/log/log-blogpost-share.md,log,Владимир,ожидает,1,1,0,log.blogpost.share
api-reference/log/log-blogpost-update.md,log,Владимир,ожидает,1,1,0,log.blogpost.update
api-reference/mail/mailbox/mail-mailbox-field-get.md,mail,Владимир,ожидает,1,1,0,mail.mailbox.field.get
api-reference/mail/mailbox/mail-mailbox-field-list.md,mail,Владимир,ожидает,1,1,0,mail.mailbox.field.list
api-reference/mail/mailbox/mail-mailbox-get.md,mail,Владимир,ожидает,1,1,0,mail.mailbox.get
api-reference/mail/mailbox/mail-mailbox-list.md,mail,Владимир,ожидает,1,1,0,mail.mailbox.list
api-reference/mail/mailbox/mail-mailbox-senders.md,mail,Владимир,ожидает,1,1,0,mail.mailbox.senders
api-reference/mail/message/mail-message-createcalendarevent.md,mail,Владимир,ожидает,1,1,0,mail.message.createcalendarevent
api-reference/mail/message/mail-message-createchat.md,mail,Владимир,ожидает,1,1,0,mail.message.createchat
api-reference/mail/message/mail-message-createcrmactivity.md,mail,Владимир,ожидает,1,1,0,mail.message.createcrmactivity
api-reference/mail/message/mail-message-createfeedpost.md,mail,Владимир,ожидает,1,1,0,mail.message.createfeedpost
api-reference/mail/message/mail-message-createtask.md,mail,Владимир,ожидает,1,1,0,mail.message.createtask
api-reference/mail/message/mail-message-field-get.md,mail,Владимир,ожидает,1,1,0,mail.message.field.get
api-reference/mail/message/mail-message-field-list.md,mail,Владимир,ожидает,1,1,0,mail.message.field.list
api-reference/mail/message/mail-message-forward.md,mail,Владимир,ожидает,1,1,0,mail.message.forward
api-reference/mail/message/mail-message-get.md,mail,Владимир,ожидает,1,1,0,mail.message.get
api-reference/mail/message/mail-message-list.md,mail,Владимир,ожидает,1,1,0,mail.message.list
api-reference/mail/message/mail-message-movetofolder.md,mail,Владимир,ожидает,1,1,0,mail.message.movetofolder
api-reference/mail/message/mail-message-removecrmactivity.md,mail,Владимир,ожидает,1,1,0,mail.message.removecrmactivity
api-reference/mail/message/mail-message-reply.md,mail,Владимир,ожидает,1,1,0,mail.message.reply
api-reference/mail/message/mail-message-send.md,mail,Владимир,ожидает,1,1,0,mail.message.send
api-reference/mail/message/mail-message-thread.md,mail,Владимир,ожидает,1,1,0,mail.message.thread
api-reference/mail/recipient/mail-recipient-field-get.md,mail,Владимир,ожидает,1,1,0,mail.recipient.field.get
api-reference/mail/recipient/mail-recipient-field-list.md,mail,Владимир,ожидает,1,1,0,mail.recipient.field.list
api-reference/mail/recipient/mail-recipient-listcontacts.md,mail,Владимир,ожидает,1,1,0,mail.recipient.listcontacts
api-reference/mail/recipient/mail-recipient-listemployees.md,mail,Владимир,ожидает,1,1,0,mail.recipient.listemployees
api-reference/mailservice/mailservice-add.md,mailservice,Аня,ожидает,1,1,0,mailservice.add
api-reference/mailservice/mailservice-delete.md,mailservice,Аня,ожидает,1,1,0,mailservice.delete
api-reference/mailservice/mailservice-fields.md,mailservice,Аня,ожидает,1,1,0,mailservice.fields
api-reference/mailservice/mailservice-get.md,mailservice,Аня,ожидает,1,1,0,mailservice.get
api-reference/mailservice/mailservice-list.md,mailservice,Аня,ожидает,1,1,0,mailservice.list
api-reference/mailservice/mailservice-update.md,mailservice,Аня,ожидает,1,1,0,mailservice.update
api-reference/messageservice/messageservice-message-status-update.md,messageservice,Аня,ожидает,1,1,0,messageservice.message.status.update
api-reference/messageservice/messageservice-sender-add.md,messageservice,Аня,ожидает,1,1,0,messageservice.sender.add
api-reference/messageservice/messageservice-sender-delete.md,messageservice,Аня,ожидает,1,1,0,messageservice.sender.delete
api-reference/messageservice/messageservice-sender-list.md,messageservice,Аня,ожидает,1,1,0,messageservice.sender.list
api-reference/messageservice/messageservice-sender-update.md,messageservice,Аня,ожидает,1,1,0,messageservice.sender.update
api-reference/note/collection/note-collection-add.md,note,Аня,ожидает,1,1,0,note.collection.add
api-reference/note/collection/note-collection-archive.md,note,Аня,ожидает,1,1,0,note.collection.archive
api-reference/note/collection/note-collection-delete.md,note,Аня,ожидает,1,1,0,note.collection.delete
api-reference/note/collection/note-collection-field-get.md,note,Аня,ожидает,1,1,0,note.collection.field.get
api-reference/note/collection/note-collection-field-list.md,note,Аня,ожидает,1,1,0,note.collection.field.list
api-reference/note/collection/note-collection-get.md,note,Аня,ожидает,1,1,0,note.collection.get
api-reference/note/collection/note-collection-list.md,note,Аня,ожидает,1,1,0,note.collection.list
api-reference/note/collection/note-collection-update.md,note,Аня,ожидает,1,1,0,note.collection.update
api-reference/note/document/note-document-add.md,note,Аня,ожидает,1,1,0,note.document.add
api-reference/note/document/note-document-archive.md,note,Аня,ожидает,1,1,0,note.document.archive
api-reference/note/document/note-document-delete.md,note,Аня,ожидает,1,1,0,note.document.delete
api-reference/note/document/note-document-field-get.md,note,Аня,ожидает,1,1,0,note.document.field.get
api-reference/note/document/note-document-field-list.md,note,Аня,ожидает,1,1,0,note.document.field.list
api-reference/note/document/note-document-get.md,note,Аня,ожидает,1,1,0,note.document.get
api-reference/note/document/note-document-search-field-get.md,note,Аня,ожидает,1,1,0,note.document.search.field.get
api-reference/note/document/note-document-search-field-list.md,note,Аня,ожидает,1,1,0,note.document.search.field.list
api-reference/note/document/note-document-search-list.md,note,Аня,ожидает,1,1,0,note.document.search.list
api-reference/note/document/note-document-tree-field-get.md,note,Аня,ожидает,1,1,0,note.document.tree.field.get
api-reference/note/document/note-document-tree-field-list.md,note,Аня,ожидает,1,1,0,note.document.tree.field.list
api-reference/note/document/note-document-tree-list.md,note,Аня,ожидает,1,1,0,note.document.tree.list
api-reference/note/document/note-document-update.md,note,Аня,ожидает,1,1,0,note.document.update
api-reference/note/file/note-file-add.md,note,Аня,ожидает,1,1,0,note.file.add
api-reference/note/file/note-file-field-get.md,note,Аня,ожидает,1,1,0,note.file.field.get
api-reference/note/file/note-file-field-list.md,note,Аня,ожидает,1,1,0,note.file.field.list
api-reference/note/file/note-file-get.md,note,Аня,ожидает,1,1,0,note.file.get
api-reference/outdated/rpa/comment/rpa-comment-add.md,outdated,Владимир,нужен разбор вручную,1,0,0,
api-reference/outdated/rpa/comment/rpa-comment-update.md,outdated,Владимир,нужен разбор вручную,1,0,0,
api-reference/outdated/rpa/fields/rpa-fields-set-settings.md,outdated,Владимир,нужен разбор вручную,1,0,0,
api-reference/outdated/rpa/fields/rpa-fields-set-visibility-settings.md,outdated,Владимир,нужен разбор вручную,1,0,0,
api-reference/outdated/rpa/type/rpa-type-add.md,outdated,Владимир,нужен разбор вручную,1,0,0,
api-reference/pay-system/outdated/sale-pay-system-pay-invoice.md,pay-system,Владимир,ожидает,1,1,0,sale.paysystem.pay.invoice
api-reference/pay-system/outdated/sale-pay-system-settings-invoice-get.md,pay-system,Владимир,ожидает,1,1,0,sale.paysystem.settings.invoice.get
api-reference/pay-system/sale-pay-system-add.md,pay-system,Владимир,ожидает,1,1,0,sale.paysystem.add
api-reference/pay-system/sale-pay-system-delete.md,pay-system,Владимир,ожидает,1,1,0,sale.paysystem.delete
api-reference/pay-system/sale-pay-system-handler-add.md,pay-system,Владимир,нужен разбор вручную,3,0,0,sale.paysystem.handler.add
api-reference/pay-system/sale-pay-system-handler-delete.md,pay-system,Владимир,ожидает,1,1,0,sale.paysystem.handler.delete
api-reference/pay-system/sale-pay-system-handler-list.md,pay-system,Владимир,ожидает,1,1,0,sale.paysystem.handler.list
api-reference/pay-system/sale-pay-system-handler-update.md,pay-system,Владимир,нужен разбор вручную,1,0,0,sale.paysystem.handler.update
api-reference/pay-system/sale-pay-system-list.md,pay-system,Владимир,ожидает,1,1,0,sale.paysystem.list
api-reference/pay-system/sale-pay-system-pay-payment.md,pay-system,Владимир,ожидает,1,1,0,sale.paysystem.pay.payment
api-reference/pay-system/sale-pay-system-settings-get.md,pay-system,Владимир,ожидает,1,1,0,sale.paysystem.settings.get
api-reference/pay-system/sale-pay-system-settings-payment-get.md,pay-system,Владимир,ожидает,1,1,0,sale.paysystem.settings.payment.get
api-reference/pay-system/sale-pay-system-settings-update.md,pay-system,Владимир,ожидает,1,1,0,sale.paysystem.settings.update
api-reference/pay-system/sale-pay-system-update.md,pay-system,Владимир,ожидает,1,1,0,sale.paysystem.update
api-reference/sale/basket-item/sale-basket-item-add-catalog-product.md,sale,Аня,ожидает,1,1,0,sale.basketitem.addCatalogProduct
api-reference/sale/basket-item/sale-basket-item-add.md,sale,Аня,ожидает,1,1,0,sale.basketitem.add
api-reference/sale/basket-item/sale-basket-item-delete.md,sale,Аня,ожидает,1,1,0,sale.basketitem.delete
api-reference/sale/basket-item/sale-basket-item-get-catalog-product-fields.md,sale,Аня,ожидает,1,1,0,sale.basketitem.getFieldsCatalogProduct
api-reference/sale/basket-item/sale-basket-item-get-fields.md,sale,Аня,ожидает,1,1,0,sale.basketitem.getFields
api-reference/sale/basket-item/sale-basket-item-get.md,sale,Аня,ожидает,1,1,0,sale.basketitem.get
api-reference/sale/basket-item/sale-basket-item-list.md,sale,Аня,ожидает,1,1,0,sale.basketitem.list
api-reference/sale/basket-item/sale-basket-item-update-catalog-product.md,sale,Аня,ожидает,1,1,0,sale.basketitem.updateCatalogProduct
api-reference/sale/basket-item/sale-basket-item-update.md,sale,Аня,ожидает,1,1,0,sale.basketitem.update
api-reference/sale/basket-properties/sale-basket-properties-add.md,sale,Аня,ожидает,1,1,0,sale.basketproperties.add
api-reference/sale/basket-properties/sale-basket-properties-delete.md,sale,Аня,ожидает,1,1,0,sale.basketproperties.delete
api-reference/sale/basket-properties/sale-basket-properties-get-fields.md,sale,Аня,ожидает,1,1,0,sale.basketproperties.getFields
api-reference/sale/basket-properties/sale-basket-properties-get.md,sale,Аня,ожидает,1,1,0,sale.basketproperties.get
api-reference/sale/basket-properties/sale-basket-properties-list.md,sale,Аня,ожидает,1,1,0,sale.basketproperties.list
api-reference/sale/basket-properties/sale-basket-properties-update.md,sale,Аня,ожидает,1,1,0,sale.basketproperties.update
api-reference/sale/business-value-person-domain/sale-business-value-person-domain-add.md,sale,Аня,ожидает,1,1,0,sale.businessValuePersonDomain.add
api-reference/sale/business-value-person-domain/sale-business-value-person-domain-delete-by-filter.md,sale,Аня,ожидает,1,1,0,sale.businessValuePersonDomain.deleteByFilter
api-reference/sale/business-value-person-domain/sale-business-value-person-domain-get-fields.md,sale,Аня,ожидает,1,1,0,sale.businessValuePersonDomain.getFields
api-reference/sale/business-value-person-domain/sale-business-value-person-domain-list.md,sale,Аня,ожидает,1,1,0,sale.businessValuePersonDomain.list
api-reference/sale/cashbox/sale-cashbox-add.md,sale,Аня,ожидает,1,1,0,sale.cashbox.add
api-reference/sale/cashbox/sale-cashbox-check-apply.md,sale,Аня,ожидает,1,1,0,sale.cashbox.check.apply
api-reference/sale/cashbox/sale-cashbox-delete.md,sale,Аня,ожидает,1,1,0,sale.cashbox.delete
api-reference/sale/cashbox/sale-cashbox-handler-add.md,sale,Аня,ожидает,1,1,0,sale.cashbox.handler.add
api-reference/sale/cashbox/sale-cashbox-handler-delete.md,sale,Аня,ожидает,1,1,0,sale.cashbox.handler.delete
api-reference/sale/cashbox/sale-cashbox-handler-list.md,sale,Аня,ожидает,1,1,0,sale.cashbox.handler.list
api-reference/sale/cashbox/sale-cashbox-handler-update.md,sale,Аня,ожидает,1,1,0,sale.cashbox.handler.update
api-reference/sale/cashbox/sale-cashbox-list.md,sale,Аня,ожидает,1,1,0,sale.cashbox.list
api-reference/sale/cashbox/sale-cashbox-update.md,sale,Аня,ожидает,1,1,0,sale.cashbox.update
api-reference/sale/delivery/delivery/sale-delivery-add.md,sale,Аня,ожидает,1,1,0,sale.delivery.add
api-reference/sale/delivery/delivery/sale-delivery-config-get.md,sale,Аня,ожидает,1,1,0,sale.delivery.config.get
api-reference/sale/delivery/delivery/sale-delivery-config-update.md,sale,Аня,ожидает,1,1,0,sale.delivery.config.update
api-reference/sale/delivery/delivery/sale-delivery-delete.md,sale,Аня,ожидает,1,1,0,sale.delivery.delete
api-reference/sale/delivery/delivery/sale-delivery-get-list.md,sale,Аня,ожидает,1,1,0,sale.delivery.getlist
api-reference/sale/delivery/delivery/sale-delivery-update.md,sale,Аня,ожидает,1,1,0,sale.delivery.update
api-reference/sale/delivery/delivery-request/sale-delivery-request-delete.md,sale,Аня,ожидает,1,1,0,sale.delivery.request.delete
api-reference/sale/delivery/delivery-request/sale-delivery-request-send-message.md,sale,Аня,ожидает,1,1,0,sale.delivery.request.sendmessage
api-reference/sale/delivery/delivery-request/sale-delivery-request-update.md,sale,Аня,ожидает,1,1,0,sale.delivery.request.update
api-reference/sale/delivery/extra-service/sale-delivery-extra-service-add.md,sale,Аня,ожидает,2,2,0,sale.delivery.extra.service.add
api-reference/sale/delivery/extra-service/sale-delivery-extra-service-delete.md,sale,Аня,ожидает,1,1,0,sale.delivery.extra.service.delete
api-reference/sale/delivery/extra-service/sale-delivery-extra-service-get.md,sale,Аня,ожидает,1,1,0,sale.delivery.extra.service.get
api-reference/sale/delivery/extra-service/sale-delivery-extra-service-update.md,sale,Аня,ожидает,2,2,0,sale.delivery.extra.service.update
api-reference/sale/delivery/handler/sale-delivery-handler-add.md,sale,Аня,ожидает,1,1,0,sale.delivery.handler.add
api-reference/sale/delivery/handler/sale-delivery-handler-delete.md,sale,Аня,ожидает,1,1,0,sale.delivery.handler.delete
api-reference/sale/delivery/handler/sale-delivery-handler-list.md,sale,Аня,ожидает,1,1,0,sale.delivery.handler.list
api-reference/sale/delivery/handler/sale-delivery-handler-update.md,sale,Аня,ожидает,1,1,0,sale.delivery.handler.update
api-reference/sale/order/sale-order-add.md,sale,Аня,ожидает,1,1,0,sale.order.add
api-reference/sale/order/sale-order-delete.md,sale,Аня,ожидает,1,1,0,sale.order.delete
api-reference/sale/order/sale-order-get-fields.md,sale,Аня,ожидает,1,1,0,sale.order.getfields
api-reference/sale/order/sale-order-get.md,sale,Аня,ожидает,1,1,0,sale.order.get
api-reference/sale/order/sale-order-list.md,sale,Аня,ожидает,1,1,0,sale.order.list
api-reference/sale/order/sale-order-update.md,sale,Аня,ожидает,1,1,0,sale.order.update
api-reference/sale/payment/sale-payment-add.md,sale,Аня,ожидает,1,1,0,sale.payment.add
api-reference/sale/payment/sale-payment-delete.md,sale,Аня,ожидает,1,1,0,sale.payment.delete
api-reference/sale/payment/sale-payment-get-fields.md,sale,Аня,ожидает,1,1,0,sale.payment.getfields
api-reference/sale/payment/sale-payment-get.md,sale,Аня,ожидает,1,1,0,sale.payment.get
api-reference/sale/payment/sale-payment-list.md,sale,Аня,ожидает,1,1,0,sale.payment.list
api-reference/sale/payment/sale-payment-update.md,sale,Аня,ожидает,1,1,0,sale.payment.update
api-reference/sale/payment-item-basket/sale-payment-item-basket-add.md,sale,Аня,ожидает,1,1,0,sale.paymentitembasket.add
api-reference/sale/payment-item-basket/sale-payment-item-basket-delete.md,sale,Аня,ожидает,1,1,0,sale.paymentitembasket.delete
api-reference/sale/payment-item-basket/sale-payment-item-basket-get-fields.md,sale,Аня,ожидает,1,1,0,sale.paymentitembasket.getfields
api-reference/sale/payment-item-basket/sale-payment-item-basket-get.md,sale,Аня,ожидает,1,1,0,sale.paymentitembasket.get
api-reference/sale/payment-item-basket/sale-payment-item-basket-list.md,sale,Аня,ожидает,1,1,0,sale.paymentitembasket.list
api-reference/sale/payment-item-basket/sale-payment-item-basket-update.md,sale,Аня,ожидает,1,1,0,sale.paymentitembasket.update
api-reference/sale/payment-item-shipment/sale-payment-item-shipment-add.md,sale,Аня,ожидает,1,1,0,sale.paymentitemshipment.add
api-reference/sale/payment-item-shipment/sale-payment-item-shipment-delete.md,sale,Аня,ожидает,1,1,0,sale.paymentitemshipment.delete
api-reference/sale/payment-item-shipment/sale-payment-item-shipment-get-fields.md,sale,Аня,ожидает,1,1,0,sale.paymentitemshipment.getfields
api-reference/sale/payment-item-shipment/sale-payment-item-shipment-get.md,sale,Аня,ожидает,1,1,0,sale.paymentitemshipment.get
api-reference/sale/payment-item-shipment/sale-payment-item-shipment-list.md,sale,Аня,ожидает,1,1,0,sale.paymentitemshipment.list
api-reference/sale/payment-item-shipment/sale-payment-item-shipment-update.md,sale,Аня,ожидает,1,1,0,sale.paymentitemshipment.update
api-reference/sale/person-type/sale-person-type-add.md,sale,Аня,ожидает,1,1,0,sale.persontype.add
api-reference/sale/person-type/sale-person-type-delete.md,sale,Аня,ожидает,1,1,0,sale.persontype.delete
api-reference/sale/person-type/sale-person-type-get-fields.md,sale,Аня,ожидает,1,1,0,sale.persontype.getFields
api-reference/sale/person-type/sale-person-type-get.md,sale,Аня,нужен разбор вручную,1,0,0,sale.persontype.get
api-reference/sale/person-type/sale-person-type-list.md,sale,Аня,ожидает,1,1,0,sale.persontype.list
api-reference/sale/person-type/sale-person-type-update.md,sale,Аня,ожидает,1,1,0,sale.persontype.update
api-reference/sale/property/sale-property-add.md,sale,Аня,ожидает,1,1,0,sale.property.add
api-reference/sale/property/sale-property-delete.md,sale,Аня,ожидает,1,1,0,sale.property.delete
api-reference/sale/property/sale-property-get-fields-by-type.md,sale,Аня,ожидает,1,1,0,sale.property.getfieldsbytype
api-reference/sale/property/sale-property-get.md,sale,Аня,ожидает,1,1,0,sale.property.get
api-reference/sale/property/sale-property-list.md,sale,Аня,ожидает,1,1,0,sale.property.list
api-reference/sale/property/sale-property-update.md,sale,Аня,ожидает,1,1,0,sale.property.update
api-reference/sale/property-group/sale-property-group-add.md,sale,Аня,ожидает,1,1,0,sale.propertygroup.add
api-reference/sale/property-group/sale-property-group-delete.md,sale,Аня,ожидает,1,1,0,sale.propertygroup.delete
api-reference/sale/property-group/sale-property-group-get-fields.md,sale,Аня,ожидает,1,1,0,sale.propertygroup.getFields
api-reference/sale/property-group/sale-property-group-get.md,sale,Аня,ожидает,1,1,0,sale.propertygroup.get
api-reference/sale/property-group/sale-property-group-list.md,sale,Аня,ожидает,1,1,0,sale.propertygroup.list
api-reference/sale/property-group/sale-property-group-update.md,sale,Аня,ожидает,1,1,0,sale.propertygroup.update
api-reference/sale/property-relation/sale-property-relation-add.md,sale,Аня,ожидает,1,1,0,sale.propertyRelation.add
api-reference/sale/property-relation/sale-property-relation-delete-by-filter.md,sale,Аня,ожидает,1,1,0,sale.propertyRelation.deleteByFilter
api-reference/sale/property-relation/sale-property-relation-get-fields.md,sale,Аня,ожидает,1,1,0,sale.propertyRelation.getFields
api-reference/sale/property-relation/sale-property-relation-list.md,sale,Аня,ожидает,1,1,0,sale.propertyRelation.list
api-reference/sale/property-value/sale-property-value-delete.md,sale,Аня,ожидает,1,1,0,sale.propertyvalue.delete
api-reference/sale/property-value/sale-property-value-get-fields.md,sale,Аня,ожидает,1,1,0,sale.propertyvalue.getFields
api-reference/sale/property-value/sale-property-value-get.md,sale,Аня,ожидает,1,1,0,sale.propertyvalue.get
api-reference/sale/property-value/sale-property-value-list.md,sale,Аня,ожидает,1,1,0,sale.propertyvalue.list
api-reference/sale/property-value/sale-property-value-modify.md,sale,Аня,ожидает,1,1,0,sale.propertyvalue.modify
api-reference/sale/property-variant/sale-property-variant-add.md,sale,Аня,ожидает,1,1,0,sale.propertyvariant.add
api-reference/sale/property-variant/sale-property-variant-delete.md,sale,Аня,ожидает,1,1,0,sale.propertyvariant.delete
api-reference/sale/property-variant/sale-property-variant-get-fields.md,sale,Аня,ожидает,1,1,0,sale.propertyvariant.getFields
api-reference/sale/property-variant/sale-property-variant-get.md,sale,Аня,ожидает,1,1,0,sale.propertyvariant.get
api-reference/sale/property-variant/sale-property-variant-list.md,sale,Аня,ожидает,1,1,0,sale.propertyvariant.list
api-reference/sale/property-variant/sale-property-variant-update.md,sale,Аня,ожидает,1,1,0,sale.propertyvariant.update
api-reference/sale/shipment/sale-shipment-add.md,sale,Аня,ожидает,1,1,0,sale.shipment.add
api-reference/sale/shipment/sale-shipment-delete.md,sale,Аня,ожидает,1,1,0,sale.shipment.delete
api-reference/sale/shipment/sale-shipment-get-fields.md,sale,Аня,ожидает,1,1,0,sale.shipment.getfields
api-reference/sale/shipment/sale-shipment-get.md,sale,Аня,ожидает,1,1,0,sale.shipment.get
api-reference/sale/shipment/sale-shipment-list.md,sale,Аня,ожидает,1,1,0,sale.shipment.list
api-reference/sale/shipment/sale-shipment-update.md,sale,Аня,ожидает,1,1,0,sale.shipment.update
api-reference/sale/shipment-item/sale-shipment-item-add.md,sale,Аня,ожидает,1,1,0,sale.shipmentitem.add
api-reference/sale/shipment-item/sale-shipment-item-delete.md,sale,Аня,ожидает,1,1,0,sale.shipmentitem.delete
api-reference/sale/shipment-item/sale-shipment-item-get-fields.md,sale,Аня,ожидает,1,1,0,sale.shipmentitem.getfields
api-reference/sale/shipment-item/sale-shipment-item-get.md,sale,Аня,ожидает,1,1,0,sale.shipmentitem.get
api-reference/sale/shipment-item/sale-shipment-item-list.md,sale,Аня,ожидает,1,1,0,sale.shipmentitem.list
api-reference/sale/shipment-item/sale-shipment-item-update.md,sale,Аня,ожидает,1,1,0,sale.shipmentitem.update
api-reference/sale/shipment-property/sale-shipment-property-add.md,sale,Аня,ожидает,1,1,0,sale.shipmentproperty.add
api-reference/sale/shipment-property/sale-shipment-property-delete.md,sale,Аня,ожидает,1,1,0,sale.shipmentproperty.delete
api-reference/sale/shipment-property/sale-shipment-property-get-fields-by-type.md,sale,Аня,ожидает,1,1,0,sale.shipmentproperty.getfieldsbytype
api-reference/sale/shipment-property/sale-shipment-property-get.md,sale,Аня,ожидает,1,1,0,sale.shipmentproperty.get
api-reference/sale/shipment-property/sale-shipment-property-list.md,sale,Аня,ожидает,1,1,0,sale.shipmentproperty.list
api-reference/sale/shipment-property/sale-shipment-property-update.md,sale,Аня,ожидает,1,1,0,sale.shipmentproperty.update
api-reference/sale/shipment-property-value/sale-shipment-property-value-get-fields.md,sale,Аня,ожидает,1,1,0,sale.shipmentpropertyvalue.getfields
api-reference/sale/shipment-property-value/sale-shipment-property-value-get.md,sale,Аня,ожидает,1,1,0,sale.shipmentpropertyvalue.get
api-reference/sale/shipment-property-value/sale-shipment-property-value-list.md,sale,Аня,ожидает,1,1,0,sale.shipmentpropertyvalue.list
api-reference/sale/shipment-property-value/sale-shipment-property-value-modify.md,sale,Аня,ожидает,1,1,0,sale.shipmentpropertyvalue.modify
api-reference/sale/shipment-property-value/sale-shipment-propertyvalue-delete.md,sale,Аня,ожидает,1,1,0,sale.shipmentpropertyvalue.delete
api-reference/sale/status/sale-status-add.md,sale,Аня,ожидает,1,1,0,sale.status.add
api-reference/sale/status/sale-status-delete.md,sale,Аня,ожидает,1,1,0,sale.status.delete
api-reference/sale/status/sale-status-get-fields.md,sale,Аня,ожидает,1,1,0,sale.status.getfields
api-reference/sale/status/sale-status-get.md,sale,Аня,ожидает,1,1,0,sale.status.get
api-reference/sale/status/sale-status-list.md,sale,Аня,ожидает,1,1,0,sale.status.list
api-reference/sale/status/sale-status-update.md,sale,Аня,ожидает,1,1,0,sale.status.update
api-reference/sale/status-lang/sale-status-lang-add.md,sale,Аня,ожидает,1,1,0,sale.statuslang.add
api-reference/sale/status-lang/sale-status-lang-delete-by-filter.md,sale,Аня,ожидает,1,1,0,sale.statusLang.deleteByFilter
api-reference/sale/status-lang/sale-status-lang-get-fields.md,sale,Аня,ожидает,1,1,0,sale.statuslang.getfields
api-reference/sale/status-lang/sale-status-lang-get-list-langs.md,sale,Аня,ожидает,1,1,0,sale.statuslang.getlistlangs
api-reference/sale/status-lang/sale-status-lang-list.md,sale,Аня,ожидает,1,1,0,sale.statuslang.list
api-reference/sale/trade-binding/sale-trade-binding-get-fields.md,sale,Аня,ожидает,1,1,0,sale.tradeBinding.getFields
api-reference/sale/trade-binding/sale-trade-binding-list.md,sale,Аня,ожидает,1,1,0,sale.tradeBinding.list
api-reference/sale/trade-platform/sale-trade-platform-get-fields.md,sale,Аня,ожидает,1,1,0,sale.tradePlatform.getFields
api-reference/sale/trade-platform/sale-trade-platform-list.md,sale,Аня,ожидает,1,1,0,sale.tradePlatform.list
api-reference/sign/sign-b2e-company-provider-list.md,sign,Аня,ожидает,1,1,0,sign.b2e.company.provider.list
api-reference/sign/sign-b2e-document-get.md,sign,Аня,ожидает,1,1,0,sign.b2e.document.get
api-reference/sign/sign-b2e-document-send.md,sign,Аня,ожидает,1,1,0,sign.b2e.document.send
api-reference/sign/sign-b2e-mysafe-tail.md,sign,Аня,ожидает,1,1,0,sign.b2e.mysafe.tail
api-reference/sign/sign-b2e-personal-tail.md,sign,Аня,ожидает,1,1,0,sign.b2e.personal.tail
api-reference/sonet-group/members/sonet-group-user-add.md,sonet-group,Аня,ожидает,1,1,0,sonet_group.user.add
api-reference/sonet-group/members/sonet-group-user-delete.md,sonet-group,Аня,ожидает,1,1,0,sonet_group.user.delete
api-reference/sonet-group/members/sonet-group-user-get.md,sonet-group,Аня,ожидает,1,1,0,sonet_group.user.get
api-reference/sonet-group/members/sonet-group-user-invite.md,sonet-group,Аня,ожидает,1,1,0,sonet_group.user.invite
api-reference/sonet-group/members/sonet-group-user-request.md,sonet-group,Аня,ожидает,1,1,0,sonet_group.user.request
api-reference/sonet-group/members/sonet-group-user-update.md,sonet-group,Аня,ожидает,1,1,0,sonet_group.user.update
api-reference/sonet-group/scrum/backlog/tasks-api-scrum-backlog-add.md,sonet-group,Аня,ожидает,1,1,0,tasks.api.scrum.backlog.add
api-reference/sonet-group/scrum/backlog/tasks-api-scrum-backlog-delete.md,sonet-group,Аня,ожидает,1,1,0,tasks.api.scrum.backlog.delete
api-reference/sonet-group/scrum/backlog/tasks-api-scrum-backlog-get-fields.md,sonet-group,Аня,ожидает,1,1,0,tasks.api.scrum.backlog.getFields
api-reference/sonet-group/scrum/backlog/tasks-api-scrum-backlog-get.md,sonet-group,Аня,ожидает,1,1,0,tasks.api.scrum.backlog.get
api-reference/sonet-group/scrum/backlog/tasks-api-scrum-backlog-update.md,sonet-group,Аня,ожидает,1,1,0,tasks.api.scrum.backlog.update
api-reference/sonet-group/scrum/epic/tasks-api-scrum-epic-add.md,sonet-group,Аня,ожидает,1,1,0,tasks.api.scrum.epic.add
api-reference/sonet-group/scrum/epic/tasks-api-scrum-epic-delete.md,sonet-group,Аня,ожидает,1,1,0,tasks.api.scrum.epic.delete
api-reference/sonet-group/scrum/epic/tasks-api-scrum-epic-get-fields.md,sonet-group,Аня,ожидает,1,1,0,tasks.api.scrum.epic.getFields
api-reference/sonet-group/scrum/epic/tasks-api-scrum-epic-get.md,sonet-group,Аня,ожидает,1,1,0,tasks.api.scrum.epic.get
api-reference/sonet-group/scrum/epic/tasks-api-scrum-epic-list.md,sonet-group,Аня,ожидает,1,1,0,tasks.api.scrum.epic.list
api-reference/sonet-group/scrum/epic/tasks-api-scrum-epic-update.md,sonet-group,Аня,нужен разбор вручную,1,0,0,tasks.api.scrum.epic.update
api-reference/sonet-group/scrum/kanban/tasks-api-scrum-kanban-add-stage.md,sonet-group,Аня,ожидает,1,1,0,tasks.api.scrum.kanban.addStage
api-reference/sonet-group/scrum/kanban/tasks-api-scrum-kanban-add-task.md,sonet-group,Аня,ожидает,1,1,0,tasks.api.scrum.kanban.addTask
api-reference/sonet-group/scrum/kanban/tasks-api-scrum-kanban-delete-stage.md,sonet-group,Аня,ожидает,1,1,0,tasks.api.scrum.kanban.deleteStage
api-reference/sonet-group/scrum/kanban/tasks-api-scrum-kanban-delete-task.md,sonet-group,Аня,ожидает,1,1,0,tasks.api.scrum.kanban.deleteTask
api-reference/sonet-group/scrum/kanban/tasks-api-scrum-kanban-get-fields.md,sonet-group,Аня,ожидает,1,1,0,tasks.api.scrum.kanban.getFields
api-reference/sonet-group/scrum/kanban/tasks-api-scrum-kanban-get-stages.md,sonet-group,Аня,ожидает,1,1,0,tasks.api.scrum.kanban.getStages
api-reference/sonet-group/scrum/kanban/tasks-api-scrum-kanban-update-stage.md,sonet-group,Аня,ожидает,1,1,0,tasks.api.scrum.kanban.updateStage
api-reference/sonet-group/scrum/sprint/tasks-api-scrum-sprint-add.md,sonet-group,Аня,ожидает,1,1,0,tasks.api.scrum.sprint.add
api-reference/sonet-group/scrum/sprint/tasks-api-scrum-sprint-complete.md,sonet-group,Аня,ожидает,1,1,0,tasks.api.scrum.sprint.complete
api-reference/sonet-group/scrum/sprint/tasks-api-scrum-sprint-delete.md,sonet-group,Аня,ожидает,1,1,0,tasks.api.scrum.sprint.delete
api-reference/sonet-group/scrum/sprint/tasks-api-scrum-sprint-get-fields.md,sonet-group,Аня,ожидает,1,1,0,tasks.api.scrum.sprint.getFields
api-reference/sonet-group/scrum/sprint/tasks-api-scrum-sprint-get.md,sonet-group,Аня,ожидает,1,1,0,tasks.api.scrum.sprint.get
api-reference/sonet-group/scrum/sprint/tasks-api-scrum-sprint-list.md,sonet-group,Аня,ожидает,1,1,0,tasks.api.scrum.sprint.list
api-reference/sonet-group/scrum/sprint/tasks-api-scrum-sprint-start.md,sonet-group,Аня,ожидает,1,1,0,tasks.api.scrum.sprint.start
api-reference/sonet-group/scrum/sprint/tasks-api-scrum-sprint-update.md,sonet-group,Аня,ожидает,1,1,0,tasks.api.scrum.sprint.update
api-reference/sonet-group/scrum/task/tasks-api-scrum-task-get-fields.md,sonet-group,Аня,ожидает,1,1,0,tasks.api.scrum.task.getFields
api-reference/sonet-group/scrum/task/tasks-api-scrum-task-get.md,sonet-group,Аня,ожидает,1,1,0,tasks.api.scrum.task.get
api-reference/sonet-group/scrum/task/tasks-api-scrum-task-update.md,sonet-group,Аня,ожидает,1,1,0,tasks.api.scrum.task.update
api-reference/sonet-group/socialnetwork-api-workgroup-get.md,sonet-group,Аня,ожидает,1,1,0,socialnetwork.api.workgroup.get
api-reference/sonet-group/socialnetwork-api-workgroup-list.md,sonet-group,Аня,ожидает,1,1,0,socialnetwork.api.workgroup.list
api-reference/sonet-group/sonet-group-create.md,sonet-group,Аня,ожидает,1,1,0,sonet_group.create
api-reference/sonet-group/sonet-group-delete.md,sonet-group,Аня,ожидает,1,1,0,sonet_group.delete
api-reference/sonet-group/sonet-group-feature-access.md,sonet-group,Аня,ожидает,1,1,0,sonet_group.feature.access
api-reference/sonet-group/sonet-group-get.md,sonet-group,Аня,ожидает,1,1,0,sonet_group.get
api-reference/sonet-group/sonet-group-setowner.md,sonet-group,Аня,ожидает,1,1,0,sonet_group.setowner
api-reference/sonet-group/sonet-group-update.md,sonet-group,Аня,ожидает,1,1,0,sonet_group.update
api-reference/sonet-group/sonet-group-user-groups.md,sonet-group,Аня,ожидает,1,1,0,sonet_group.user.groups
api-reference/tasks/checklist-item/task-checklist-item-add.md,tasks,Аня,ожидает,1,1,0,task.checklistitem.add
api-reference/tasks/checklist-item/task-checklist-item-complete.md,tasks,Аня,ожидает,1,1,0,task.checklistitem.complete
api-reference/tasks/checklist-item/task-checklist-item-delete.md,tasks,Аня,ожидает,1,1,0,task.checklistitem.delete
api-reference/tasks/checklist-item/task-checklist-item-get-list.md,tasks,Аня,ожидает,1,1,0,task.checklistitem.getlist
api-reference/tasks/checklist-item/task-checklist-item-get-manifest.md,tasks,Аня,ожидает,1,1,0,task.checklistitem.getmanifest
api-reference/tasks/checklist-item/task-checklist-item-get.md,tasks,Аня,ожидает,1,1,0,task.checklistitem.get
api-reference/tasks/checklist-item/task-checklist-item-is-action-allowed.md,tasks,Аня,ожидает,1,1,0,task.checklistitem.isactionallowed
api-reference/tasks/checklist-item/task-checklist-item-move-after-item.md,tasks,Аня,ожидает,1,1,0,task.checklistitem.moveafteritem
api-reference/tasks/checklist-item/task-checklist-item-renew.md,tasks,Аня,ожидает,1,1,0,task.checklistitem.renew
api-reference/tasks/checklist-item/task-checklist-item-update.md,tasks,Аня,ожидает,1,1,0,task.checklistitem.update
api-reference/tasks/comment-item/events-comment/on-task-comment-add.md,tasks,Аня,нужен разбор вручную,1,0,0,
api-reference/tasks/comment-item/events-comment/on-task-comment-delete.md,tasks,Аня,нужен разбор вручную,1,0,0,
api-reference/tasks/comment-item/events-comment/on-task-comment-update.md,tasks,Аня,нужен разбор вручную,1,0,0,
api-reference/tasks/comment-item/task-comment-item-add.md,tasks,Аня,ожидает,1,1,0,task.commentitem.add
api-reference/tasks/comment-item/task-comment-item-delete.md,tasks,Аня,ожидает,1,1,0,task.commentitem.delete
api-reference/tasks/comment-item/task-comment-item-get-list.md,tasks,Аня,ожидает,1,1,0,task.commentitem.getlist
api-reference/tasks/comment-item/task-comment-item-get-manifest.md,tasks,Аня,ожидает,1,1,0,task.commentitem.getmanifest
api-reference/tasks/comment-item/task-comment-item-get.md,tasks,Аня,ожидает,1,1,0,task.commentitem.get
api-reference/tasks/comment-item/task-comment-item-is-action-allowed.md,tasks,Аня,ожидает,1,1,0,task.commentitem.isactionallowed
api-reference/tasks/comment-item/task-comment-item-update.md,tasks,Аня,ожидает,1,1,0,task.commentitem.update
api-reference/tasks/deprecated/task-comment-add.md,tasks,Аня,ожидает,1,1,0,task.comment.add
api-reference/tasks/deprecated/task-item/task-item-add-file.md,tasks,Аня,ожидает,1,1,0,task.item.addfile
api-reference/tasks/deprecated/task-item/task-item-add-to-favourite.md,tasks,Аня,ожидает,1,1,0,task.item.addtofavorite
api-reference/tasks/deprecated/task-item/task-item-add.md,tasks,Аня,ожидает,2,2,0,task.item.add;task.item.update
api-reference/tasks/deprecated/task-item/task-item-approve.md,tasks,Аня,ожидает,1,1,0,task.item.approve
api-reference/tasks/deprecated/task-item/task-item-complete.md,tasks,Аня,ожидает,1,1,0,task.item.complete
api-reference/tasks/deprecated/task-item/task-item-defer.md,tasks,Аня,ожидает,1,1,0,task.item.defer
api-reference/tasks/deprecated/task-item/task-item-delegate.md,tasks,Аня,ожидает,1,1,0,task.item.delegate
api-reference/tasks/deprecated/task-item/task-item-delete-file.md,tasks,Аня,ожидает,1,1,0,task.item.deletefile
api-reference/tasks/deprecated/task-item/task-item-delete-from-favorite.md,tasks,Аня,ожидает,1,1,0,task.item.deletefromfavorite
api-reference/tasks/deprecated/task-item/task-item-delete.md,tasks,Аня,ожидает,1,1,0,task.item.delete
api-reference/tasks/deprecated/task-item/task-item-disapprove.md,tasks,Аня,ожидает,1,1,0,task.item.disapprove
api-reference/tasks/deprecated/task-item/task-item-get-allowed-actions.md,tasks,Аня,ожидает,1,1,0,task.item.getallowedactions
api-reference/tasks/deprecated/task-item/task-item-get-allowed-task-actions-as-strings.md,tasks,Аня,ожидает,1,1,0,task.item.getallowedtaskactionsasstrings
api-reference/tasks/deprecated/task-item/task-item-get-data.md,tasks,Аня,ожидает,1,1,0,task.item.getdata
api-reference/tasks/deprecated/task-item/task-item-get-dependson.md,tasks,Аня,ожидает,1,1,0,task.item.getdependson
api-reference/tasks/deprecated/task-item/task-item-get-description.md,tasks,Аня,ожидает,1,1,0,task.item.getdescription
api-reference/tasks/deprecated/task-item/task-item-get-manifest.md,tasks,Аня,ожидает,1,1,0,task.item.getmanifest
api-reference/tasks/deprecated/task-item/task-item-is-action-allowed.md,tasks,Аня,ожидает,1,1,0,task.item.isactionallowed
api-reference/tasks/deprecated/task-item/task-item-list.md,tasks,Аня,ожидает,2,2,0,task.item.list
api-reference/tasks/deprecated/task-item/task-item-renew.md,tasks,Аня,ожидает,1,1,0,task.item.renew
api-reference/tasks/deprecated/task-item/task-item-start-execution.md,tasks,Аня,ожидает,1,1,0,task.item.startexecution
api-reference/tasks/deprecated/task-item/task-item-update.md,tasks,Аня,ожидает,2,2,0,task.item.update
api-reference/tasks/deprecated/task-item/task-log-item-list.md,tasks,Аня,ожидает,1,1,0,task.logitem.list
api-reference/tasks/deprecated/task-items-get-list.md,tasks,Аня,ожидает,2,2,0,task.items.getlist
api-reference/tasks/elapsed-item/task-elapsed-item-add.md,tasks,Аня,ожидает,1,1,0,task.elapseditem.add
api-reference/tasks/elapsed-item/task-elapsed-item-delete.md,tasks,Аня,ожидает,1,1,0,task.elapseditem.delete
api-reference/tasks/elapsed-item/task-elapsed-item-get-list.md,tasks,Аня,ожидает,1,1,0,task.elapseditem.getlist
api-reference/tasks/elapsed-item/task-elapsed-item-get-manifest.md,tasks,Аня,ожидает,1,1,0,task.elapseditem.getmanifest
api-reference/tasks/elapsed-item/task-elapsed-item-get.md,tasks,Аня,ожидает,1,1,0,task.elapseditem.get
api-reference/tasks/elapsed-item/task-elapsed-item-is-action-allowed.md,tasks,Аня,ожидает,1,1,0,task.elapseditem.isActionAllowed
api-reference/tasks/elapsed-item/task-elapsed-item-update.md,tasks,Аня,ожидает,1,1,0,task.elapseditem.update
api-reference/tasks/events-tasks/on-task-add.md,tasks,Аня,нужен разбор вручную,1,0,0,
api-reference/tasks/events-tasks/on-task-delete.md,tasks,Аня,нужен разбор вручную,1,0,0,
api-reference/tasks/events-tasks/on-task-update.md,tasks,Аня,нужен разбор вручную,1,0,0,
api-reference/tasks/flow/tasks-flow-flow-activate.md,tasks,Аня,ожидает,1,1,0,tasks.flow.Flow.activate
api-reference/tasks/flow/tasks-flow-flow-create.md,tasks,Аня,ожидает,1,1,0,tasks.flow.Flow.create
api-reference/tasks/flow/tasks-flow-flow-delete.md,tasks,Аня,ожидает,1,1,0,tasks.flow.Flow.delete
api-reference/tasks/flow/tasks-flow-flow-get.md,tasks,Аня,ожидает,1,1,0,tasks.flow.Flow.get
api-reference/tasks/flow/tasks-flow-flow-is-exists.md,tasks,Аня,ожидает,1,1,0,tasks.flow.Flow.isExists
api-reference/tasks/flow/tasks-flow-flow-pin.md,tasks,Аня,ожидает,1,1,0,tasks.flow.Flow.pin
api-reference/tasks/flow/tasks-flow-flow-update.md,tasks,Аня,ожидает,1,1,0,tasks.flow.Flow.update
api-reference/tasks/planner/task-planner-get-list.md,tasks,Аня,ожидает,1,1,0,task.planner.getlist
api-reference/tasks/result/tasks-task-result-add-from-comment.md,tasks,Аня,ожидает,1,1,0,tasks.task.result.addFromComment
api-reference/tasks/result/tasks-task-result-add.md,tasks,Аня,ожидает,1,1,0,tasks.task.result.add
api-reference/tasks/result/tasks-task-result-addfromchatmessage.md,tasks,Аня,ожидает,1,1,0,tasks.task.result.addfromchatmessage
api-reference/tasks/result/tasks-task-result-delete-from-comment.md,tasks,Аня,ожидает,1,1,0,tasks.task.result.deleteFromComment
api-reference/tasks/result/tasks-task-result-delete.md,tasks,Аня,ожидает,1,1,0,tasks.task.result.delete
api-reference/tasks/result/tasks-task-result-list-rest-v3.md,tasks,Аня,ожидает,1,1,0,tasks.task.result.list
api-reference/tasks/result/tasks-task-result-list.md,tasks,Аня,ожидает,1,1,0,tasks.task.result.list
api-reference/tasks/result/tasks-task-result-update.md,tasks,Аня,ожидает,1,1,0,tasks.task.result.update
api-reference/tasks/stages/task-stages-add.md,tasks,Аня,ожидает,1,1,0,task.stages.add
api-reference/tasks/stages/task-stages-can-move-task.md,tasks,Аня,ожидает,1,1,0,task.stages.canmovetask
api-reference/tasks/stages/task-stages-delete.md,tasks,Аня,ожидает,1,1,0,task.stages.delete
api-reference/tasks/stages/task-stages-get.md,tasks,Аня,ожидает,1,1,0,task.stages.get
api-reference/tasks/stages/task-stages-move-task.md,tasks,Аня,ожидает,1,1,0,task.stages.movetask
api-reference/tasks/stages/task-stages-update.md,tasks,Аня,ожидает,1,1,0,task.stages.update
api-reference/tasks/status/tasks-task-complete.md,tasks,Аня,ожидает,1,1,0,tasks.task.complete
api-reference/tasks/status/tasks-task-defer.md,tasks,Аня,ожидает,1,1,0,tasks.task.defer
api-reference/tasks/status/tasks-task-pause.md,tasks,Аня,ожидает,1,1,0,tasks.task.pause
api-reference/tasks/status/tasks-task-renew.md,tasks,Аня,ожидает,1,1,0,tasks.task.renew
api-reference/tasks/status/tasks-task-start.md,tasks,Аня,ожидает,1,1,0,tasks.task.start
api-reference/tasks/task-dependence-add.md,tasks,Аня,ожидает,1,1,0,task.dependence.add
api-reference/tasks/task-dependence-delete.md,tasks,Аня,ожидает,1,1,0,task.dependence.delete
api-reference/tasks/tasks-task-access-field-get.md,tasks,Аня,ожидает,1,1,0,tasks.task.access.field.get
api-reference/tasks/tasks-task-access-field-list.md,tasks,Аня,ожидает,1,1,0,tasks.task.access.field.list
api-reference/tasks/tasks-task-access-get.md,tasks,Аня,ожидает,1,1,0,tasks.task.access.get
api-reference/tasks/tasks-task-add-rest-v3.md,tasks,Аня,ожидает,1,1,0,tasks.task.add
api-reference/tasks/tasks-task-add.md,tasks,Аня,ожидает,1,1,0,tasks.task.add
api-reference/tasks/tasks-task-approve.md,tasks,Аня,ожидает,1,1,0,tasks.task.approve
api-reference/tasks/tasks-task-chat-message-field-get.md,tasks,Аня,ожидает,1,1,0,tasks.task.chat.message.field.get
api-reference/tasks/tasks-task-chat-message-field-list.md,tasks,Аня,ожидает,1,1,0,tasks.task.chat.message.field.list
api-reference/tasks/tasks-task-chat-message-send.md,tasks,Аня,ожидает,1,1,0,tasks.task.chat.message.send
api-reference/tasks/tasks-task-counters-get.md,tasks,Аня,ожидает,1,1,0,tasks.task.counters.get
api-reference/tasks/tasks-task-delegate.md,tasks,Аня,ожидает,1,1,0,tasks.task.delegate
api-reference/tasks/tasks-task-delete-rest-v3.md,tasks,Аня,ожидает,1,1,0,tasks.task.delete
api-reference/tasks/tasks-task-delete.md,tasks,Аня,ожидает,1,1,0,tasks.task.delete
api-reference/tasks/tasks-task-disapprove.md,tasks,Аня,ожидает,1,1,0,tasks.task.disapprove
api-reference/tasks/tasks-task-field-get.md,tasks,Аня,ожидает,1,1,0,tasks.task.field.get
api-reference/tasks/tasks-task-field-list.md,tasks,Аня,ожидает,1,1,0,tasks.task.field.list
api-reference/tasks/tasks-task-file-attach.md,tasks,Аня,ожидает,1,1,0,tasks.task.file.attach
api-reference/tasks/tasks-task-file-field-get.md,tasks,Аня,ожидает,1,1,0,tasks.task.file.field.get
api-reference/tasks/tasks-task-file-field-list.md,tasks,Аня,ожидает,1,1,0,tasks.task.file.field.list
api-reference/tasks/tasks-task-files-attach.md,tasks,Аня,ожидает,1,1,0,tasks.task.files.attach
api-reference/tasks/tasks-task-get-access.md,tasks,Аня,ожидает,1,1,0,tasks.task.getaccess
api-reference/tasks/tasks-task-get-fields.md,tasks,Аня,ожидает,1,1,0,tasks.task.getFields
api-reference/tasks/tasks-task-get-rest-v3.md,tasks,Аня,ожидает,1,1,0,tasks.task.get
api-reference/tasks/tasks-task-get.md,tasks,Аня,ожидает,1,1,0,tasks.task.get
api-reference/tasks/tasks-task-history-list.md,tasks,Аня,ожидает,1,1,0,tasks.task.history.list
api-reference/tasks/tasks-task-list-rest-v3.md,tasks,Аня,ожидает,1,1,0,tasks.task.list
api-reference/tasks/tasks-task-list.md,tasks,Аня,ожидает,1,1,0,tasks.task.list
api-reference/tasks/tasks-task-update-rest-v3.md,tasks,Аня,ожидает,1,1,0,tasks.task.update
api-reference/tasks/tasks-task-update.md,tasks,Аня,ожидает,1,1,0,tasks.task.update
api-reference/tasks/template/checklist/tasks-template-checklist-add-attachment-by-content.md,tasks,Аня,ожидает,1,1,0,tasks.template.checklist.addAttachmentByContent
api-reference/tasks/template/checklist/tasks-template-checklist-add-attachments-from-disk.md,tasks,Аня,ожидает,1,1,0,tasks.template.checklist.addAttachmentsFromDisk
api-reference/tasks/template/checklist/tasks-template-checklist-add.md,tasks,Аня,ожидает,1,1,0,tasks.template.checklist.add
api-reference/tasks/template/checklist/tasks-template-checklist-complete.md,tasks,Аня,ожидает,1,1,0,tasks.template.checklist.complete
api-reference/tasks/template/checklist/tasks-template-checklist-delete.md,tasks,Аня,ожидает,1,1,0,tasks.template.checklist.delete
api-reference/tasks/template/checklist/tasks-template-checklist-get.md,tasks,Аня,ожидает,1,1,0,tasks.template.checklist.get
api-reference/tasks/template/checklist/tasks-template-checklist-list.md,tasks,Аня,ожидает,1,1,0,tasks.template.checklist.list
api-reference/tasks/template/checklist/tasks-template-checklist-move-after.md,tasks,Аня,ожидает,1,1,0,tasks.template.checklist.moveAfter
api-reference/tasks/template/checklist/tasks-template-checklist-move-before.md,tasks,Аня,ожидает,1,1,0,tasks.template.checklist.moveBefore
api-reference/tasks/template/checklist/tasks-template-checklist-remove-attachments.md,tasks,Аня,ожидает,1,1,0,tasks.template.checklist.removeAttachments
api-reference/tasks/template/checklist/tasks-template-checklist-renew.md,tasks,Аня,ожидает,1,1,0,tasks.template.checklist.renew
api-reference/tasks/template/checklist/tasks-template-checklist-update.md,tasks,Аня,ожидает,1,1,0,tasks.template.checklist.update
api-reference/tasks/template/tasks-template-add.md,tasks,Аня,ожидает,1,1,0,tasks.template.add
api-reference/tasks/template/tasks-template-delete.md,tasks,Аня,ожидает,1,1,0,tasks.template.delete
api-reference/tasks/template/tasks-template-fields.md,tasks,Аня,ожидает,1,1,0,tasks.template.fields
api-reference/tasks/template/tasks-template-get.md,tasks,Аня,ожидает,1,1,0,tasks.template.get
api-reference/tasks/template/tasks-template-update.md,tasks,Аня,ожидает,1,1,0,tasks.template.update
api-reference/tasks/user-actions/tasks-task-favorite-add.md,tasks,Аня,ожидает,1,1,0,tasks.task.favorite.add
api-reference/tasks/user-actions/tasks-task-favorite-remove.md,tasks,Аня,ожидает,1,1,0,tasks.task.favorite.remove
api-reference/tasks/user-actions/tasks-task-mute.md,tasks,Аня,ожидает,1,1,0,tasks.task.mute
api-reference/tasks/user-actions/tasks-task-pin.md,tasks,Аня,ожидает,1,1,0,tasks.task.pin
api-reference/tasks/user-actions/tasks-task-start-watch.md,tasks,Аня,ожидает,1,1,0,tasks.task.startwatch
api-reference/tasks/user-actions/tasks-task-stop-watch.md,tasks,Аня,ожидает,1,1,0,tasks.task.stopwatch
api-reference/tasks/user-actions/tasks-task-unmute.md,tasks,Аня,ожидает,1,1,0,tasks.task.unmute
api-reference/tasks/user-actions/tasks-task-unpin.md,tasks,Аня,ожидает,1,1,0,tasks.task.unpin
api-reference/tasks/user-field/task-item-user-field-add.md,tasks,Аня,ожидает,1,1,0,task.item.userfield.add
api-reference/tasks/user-field/task-item-user-field-delete.md,tasks,Аня,ожидает,1,1,0,task.item.userfield.delete
api-reference/tasks/user-field/task-item-user-field-get-fields.md,tasks,Аня,ожидает,1,1,0,task.item.userfield.getfields
api-reference/tasks/user-field/task-item-user-field-get-list.md,tasks,Аня,ожидает,1,1,0,task.item.userfield.getlist
api-reference/tasks/user-field/task-item-user-field-get-types.md,tasks,Аня,ожидает,1,1,0,task.item.userfield.gettypes
api-reference/tasks/user-field/task-item-user-field-get.md,tasks,Аня,ожидает,1,1,0,task.item.userfield.get
api-reference/tasks/user-field/task-item-user-field-update.md,tasks,Аня,ожидает,1,1,0,task.item.userfield.update
api-reference/telephony/follow-up/call-followup-field-get.md,telephony,Владимир,ожидает,1,1,0,call.followup.field.get
api-reference/telephony/follow-up/call-followup-field-list.md,telephony,Владимир,ожидает,1,1,0,call.followup.field.list
api-reference/telephony/follow-up/call-followup-get.md,telephony,Владимир,ожидает,1,1,0,call.followup.get
api-reference/telephony/follow-up/call-followup-list.md,telephony,Владимир,ожидает,1,1,0,call.followup.list
api-reference/telephony/telephony-call-attach-transcription.md,telephony,Владимир,ожидает,1,1,0,telephony.call.attachTranscription
api-reference/telephony/telephony-external-call-attach-record.md,telephony,Владимир,ожидает,1,1,0,telephony.externalCall.attachRecord
api-reference/telephony/telephony-external-call-finish.md,telephony,Владимир,ожидает,1,1,0,telephony.externalCall.finish
api-reference/telephony/telephony-external-call-hide.md,telephony,Владимир,ожидает,1,1,0,telephony.externalCall.hide
api-reference/telephony/telephony-external-call-register.md,telephony,Владимир,ожидает,1,1,0,telephony.externalCall.register
api-reference/telephony/telephony-external-call-search-crm-entities.md,telephony,Владимир,ожидает,1,1,0,telephony.externalCall.searchCrmEntities
api-reference/telephony/telephony-external-call-show.md,telephony,Владимир,ожидает,1,1,0,telephony.externalCall.show
api-reference/telephony/telephony-external-line-add.md,telephony,Владимир,ожидает,1,1,0,telephony.externalLine.add
api-reference/telephony/telephony-external-line-delete.md,telephony,Владимир,ожидает,1,1,0,telephony.externalLine.delete
api-reference/telephony/telephony-external-line-get.md,telephony,Владимир,ожидает,1,1,0,telephony.externalLine.get
api-reference/telephony/telephony-external-line-update.md,telephony,Владимир,ожидает,1,1,0,telephony.externalLine.update
api-reference/telephony/voximplant/lines/voximplant-line-get.md,telephony,Владимир,ожидает,1,1,0,voximplant.line.get
api-reference/telephony/voximplant/lines/voximplant-line-outgoing-get.md,telephony,Владимир,ожидает,1,1,0,voximplant.line.outgoing.get
api-reference/telephony/voximplant/lines/voximplant-line-outgoing-set.md,telephony,Владимир,ожидает,1,1,0,voximplant.line.outgoing.set
api-reference/telephony/voximplant/lines/voximplant-line-outgoing-sip-set.md,telephony,Владимир,ожидает,1,1,0,voximplant.line.outgoing.sip.set
api-reference/telephony/voximplant/sip/voximplant-sip-add.md,telephony,Владимир,ожидает,1,1,0,voximplant.sip.add
api-reference/telephony/voximplant/sip/voximplant-sip-connector-status.md,telephony,Владимир,ожидает,1,1,0,voximplant.sip.connector.status
api-reference/telephony/voximplant/sip/voximplant-sip-delete.md,telephony,Владимир,ожидает,1,1,0,voximplant.sip.delete
api-reference/telephony/voximplant/sip/voximplant-sip-get.md,telephony,Владимир,ожидает,1,1,0,voximplant.sip.get
api-reference/telephony/voximplant/sip/voximplant-sip-status.md,telephony,Владимир,ожидает,1,1,0,voximplant.sip.status
api-reference/telephony/voximplant/sip/voximplant-sip-update.md,telephony,Владимир,ожидает,1,1,0,voximplant.sip.update
api-reference/telephony/voximplant/users/voximplant-user-activate-phone.md,telephony,Владимир,ожидает,1,1,0,voximplant.user.activatePhone
api-reference/telephony/voximplant/users/voximplant-user-get.md,telephony,Владимир,ожидает,1,1,0,voximplant.user.get
api-reference/telephony/voximplant/voximplant-callback-start.md,telephony,Владимир,ожидает,1,1,0,voximplant.callback.start
api-reference/telephony/voximplant/voximplant-infocall-start-with-sound.md,telephony,Владимир,ожидает,1,1,0,voximplant.infocall.startwithsound
api-reference/telephony/voximplant/voximplant-infocall-start-with-text.md,telephony,Владимир,ожидает,1,1,0,voximplant.infocall.startwithtext
api-reference/telephony/voximplant/voximplant-statistic-get.md,telephony,Владимир,ожидает,1,1,0,voximplant.statistic.get
api-reference/telephony/voximplant/voximplant-tts-voices-get.md,telephony,Владимир,ожидает,1,1,0,voximplant.tts.voices.get
api-reference/telephony/voximplant/voximplant-url-get.md,telephony,Владимир,ожидает,1,1,0,voximplant.url.get
api-reference/timeman/base/timeman-close.md,timeman,Аня,ожидает,1,1,0,timeman.close
api-reference/timeman/base/timeman-open.md,timeman,Аня,ожидает,1,1,0,timeman.open
api-reference/timeman/base/timeman-pause.md,timeman,Аня,ожидает,1,1,0,timeman.pause
api-reference/timeman/base/timeman-settings.md,timeman,Аня,ожидает,1,1,0,timeman.settings
api-reference/timeman/base/timeman-status.md,timeman,Аня,ожидает,1,1,0,timeman.status
api-reference/timeman/networkrange/timeman-networkrange-check.md,timeman,Аня,ожидает,1,1,0,timeman.networkrange.check
api-reference/timeman/networkrange/timeman-networkrange-get.md,timeman,Аня,ожидает,1,1,0,timeman.networkrange.get
api-reference/timeman/networkrange/timeman-networkrange-set.md,timeman,Аня,ожидает,1,1,0,timeman.networkrange.set
api-reference/timeman/record/timeman-record-field-get.md,timeman,Аня,ожидает,1,1,0,timeman.record.field.get
api-reference/timeman/record/timeman-record-field-list.md,timeman,Аня,ожидает,1,1,0,timeman.record.field.list
api-reference/timeman/record/timeman-record-list.md,timeman,Аня,ожидает,1,1,0,timeman.record.list
api-reference/timeman/schedule/timeman-schedule-get.md,timeman,Аня,ожидает,1,1,0,timeman.schedule.get
api-reference/timeman/timecontrol/timeman-timecontrol-report-add.md,timeman,Аня,ожидает,1,1,0,timeman.timecontrol.report.add
api-reference/timeman/timecontrol/timeman-timecontrol-reports-get.md,timeman,Аня,ожидает,1,1,0,timeman.timecontrol.reports.get
api-reference/timeman/timecontrol/timeman-timecontrol-reports-settings-get.md,timeman,Аня,ожидает,1,1,0,timeman.timecontrol.reports.settings.get
api-reference/timeman/timecontrol/timeman-timecontrol-reports-users-get.md,timeman,Аня,ожидает,1,1,0,timeman.timecontrol.reports.users.get
api-reference/timeman/timecontrol/timeman-timecontrol-settings-get.md,timeman,Аня,ожидает,1,1,0,timeman.timecontrol.settings.get
api-reference/timeman/timecontrol/timeman-timecontrol-settings-set.md,timeman,Аня,ожидает,1,1,0,timeman.timecontrol.settings.set
api-reference/user/user-add.md,user,Владимир,ожидает,1,1,0,user.add
api-reference/user/user-current.md,user,Владимир,ожидает,1,1,0,user.current
api-reference/user/user-fields.md,user,Владимир,ожидает,1,1,0,user.fields
api-reference/user/user-get.md,user,Владимир,ожидает,4,4,0,user.get
api-reference/user/user-search.md,user,Владимир,ожидает,1,1,0,user.search
api-reference/user/user-update.md,user,Владимир,ожидает,1,1,0,user.update
api-reference/user/userfields/user-userfield-add.md,user,Владимир,нужен разбор вручную,2,1,0,user.userfield.add
api-reference/user/userfields/user-userfield-delete.md,user,Владимир,ожидает,1,1,0,user.userfield.delete
api-reference/user/userfields/user-userfield-list.md,user,Владимир,ожидает,1,1,0,user.userfield.list
api-reference/user/userfields/user-userfield-update.md,user,Владимир,нужен разбор вручную,2,1,0,user.userfield.update
api-reference/user-consent/user-consent-agreement-list.md,user-consent,Аня,ожидает,1,1,0,userconsent.agreement.list
api-reference/user-consent/user-consent-agreement-text.md,user-consent,Аня,ожидает,1,1,0,userconsent.agreement.text
api-reference/user-consent/user-consent-consent-add.md,user-consent,Аня,ожидает,1,1,0,userconsent.consent.add
api-reference/vibe/landing-repowidget-debug.md,vibe,Владимир,нужен разбор вручную,1,0,0,
api-reference/vibe/landing-repowidget-get-list.md,vibe,Владимир,нужен разбор вручную,1,0,0,
api-reference/vibe/landing-repowidget-register.md,vibe,Владимир,нужен разбор вручную,1,0,0,
api-reference/vibe/landing-repowidget-unregister.md,vibe,Владимир,нужен разбор вручную,1,0,0,
api-reference/vote/vote.attachedvote.download.md,vote,Аня,нужен разбор вручную,1,0,0,vote.AttachedVote.download
api-reference/vote/vote.attachedvote.get.md,vote,Аня,нужен разбор вручную,2,1,0,vote.AttachedVote.get
api-reference/vote/vote.attachedvote.getAnswerVoted.md,vote,Аня,нужен разбор вручную,1,0,0,vote.AttachedVote.getAnswerVoted
api-reference/vote/vote.attachedvote.getMany.md,vote,Аня,ожидает,1,1,0,vote.AttachedVote.getMany
api-reference/vote/vote.attachedvote.getWithVoted.md,vote,Аня,нужен разбор вручную,1,0,0,vote.AttachedVote.getWithVoted
api-reference/vote/vote.attachedvote.recall.md,vote,Аня,ожидает,1,1,0,vote.AttachedVote.recall
api-reference/vote/vote.attachedvote.resume.md,vote,Аня,нужен разбор вручную,1,0,0,vote.AttachedVote.resume
api-reference/vote/vote.attachedvote.stop.md,vote,Аня,нужен разбор вручную,1,0,0,vote.AttachedVote.stop
api-reference/vote/vote.attachedvote.vote.md,vote,Аня,нужен разбор вручную,1,0,0,vote.AttachedVote.vote
api-reference/vote/vote.integration.im.send.md,vote,Аня,нужен разбор вручную,1,0,0,vote.Integration.Im.send
api-reference/widgets/calendar.md,widgets,Владимир,ожидает,1,1,0,placement.bind
api-reference/widgets/contact-center.md,widgets,Владимир,ожидает,1,1,0,placement.bind
api-reference/widgets/crm/activity-timeline-menu.md,widgets,Владимир,ожидает,1,1,0,placement.bind
api-reference/widgets/crm/analytics-menu.md,widgets,Владимир,ожидает,1,1,0,placement.bind
api-reference/widgets/crm/analytics-toolbar.md,widgets,Владимир,ожидает,1,1,0,placement.bind
api-reference/widgets/crm/bi-analytics-menu.md,widgets,Владимир,ожидает,1,1,0,placement.bind
api-reference/widgets/crm/detail-activity.md,widgets,Владимир,ожидает,1,1,0,placement.bind
api-reference/widgets/crm/detail-search.md,widgets,Владимир,ожидает,1,1,0,placement.bind
api-reference/widgets/crm/detail-tab.md,widgets,Владимир,ожидает,1,1,0,placement.bind
api-reference/widgets/crm/detail-toolbar.md,widgets,Владимир,ожидает,1,1,0,placement.bind
api-reference/widgets/crm/document-generator-button.md,widgets,Владимир,ожидает,1,1,0,placement.bind
api-reference/widgets/crm/funnels-toolbar.md,widgets,Владимир,ожидает,1,1,0,placement.bind
api-reference/widgets/crm/list-menu.md,widgets,Владимир,ожидает,1,1,0,placement.bind
api-reference/widgets/crm/list-toolbar.md,widgets,Владимир,ожидает,1,1,0,placement.bind
api-reference/widgets/crm/robot-designer-toolbar.md,widgets,Владимир,ожидает,1,1,0,placement.bind
api-reference/widgets/im/context-menu.md,widgets,Владимир,ожидает,1,1,0,placement.bind
api-reference/widgets/im/navigation.md,widgets,Владимир,ожидает,1,1,0,placement.bind
api-reference/widgets/im/sidebar.md,widgets,Владимир,ожидает,1,1,0,placement.bind
api-reference/widgets/im/textarea.md,widgets,Владимир,ожидает,1,1,0,placement.bind
api-reference/widgets/left-menu.md,widgets,Владимир,ожидает,1,1,0,placement.bind
api-reference/widgets/mobile-app.md,widgets,Владимир,ожидает,1,1,0,placement.bind
api-reference/widgets/placement-bind.md,widgets,Владимир,ожидает,1,1,0,placement.bind
api-reference/widgets/placement-get.md,widgets,Владимир,ожидает,1,1,0,placement.get
api-reference/widgets/placement-list.md,widgets,Владимир,ожидает,1,1,0,placement.list
api-reference/widgets/placement-unbind.md,widgets,Владимир,ожидает,1,1,0,placement.unbind
api-reference/widgets/task/list-context-menu.md,widgets,Владимир,ожидает,1,1,0,placement.bind
api-reference/widgets/task/list-toolbar.md,widgets,Владимир,ожидает,1,1,0,placement.bind
api-reference/widgets/task/robot-designer-toolbar.md,widgets,Владимир,ожидает,1,1,0,placement.bind
api-reference/widgets/task/view-sidebar.md,widgets,Владимир,ожидает,1,1,0,placement.bind
api-reference/widgets/task/view-tab.md,widgets,Владимир,ожидает,1,1,0,placement.bind
api-reference/widgets/task/view-top-panel.md,widgets,Владимир,ожидает,1,1,0,placement.bind
api-reference/widgets/telephony/analytics-menu.md,widgets,Владимир,ожидает,1,1,0,placement.bind
api-reference/widgets/telephony/call-card.md,widgets,Владимир,ожидает,1,1,0,placement.bind
api-reference/widgets/ui-interaction/call-card/call-card-before-close.md,widgets,Владимир,ожидает,1,1,0,placement.bindEvent
api-reference/widgets/ui-interaction/call-card/call-card-call-state-changed.md,widgets,Владимир,ожидает,1,1,0,placement.bindEvent
api-reference/widgets/ui-interaction/call-card/call-card-entity-changed.md,widgets,Владимир,ожидает,1,1,0,placement.bindEvent
api-reference/widgets/ui-interaction/call-card/disable-auto-close.md,widgets,Владимир,ожидает,1,1,0,placement.call
api-reference/widgets/ui-interaction/call-card/enable-auto-close.md,widgets,Владимир,ожидает,1,1,0,placement.call
api-reference/widgets/ui-interaction/call-card/get-status.md,widgets,Владимир,ожидает,1,1,0,placement.call
api-reference/widgets/ui-interaction/page-background-worker/call-card-close.md,widgets,Владимир,ожидает,1,1,0,placement.call
api-reference/widgets/ui-interaction/page-background-worker/call-card-get-list-ui-states.md,widgets,Владимир,ожидает,1,1,0,placement.call
api-reference/widgets/ui-interaction/page-background-worker/call-card-set-card-title.md,widgets,Владимир,ожидает,1,1,0,placement.call
api-reference/widgets/ui-interaction/page-background-worker/call-card-set-hold.md,widgets,Владимир,ожидает,1,1,0,placement.call
api-reference/widgets/ui-interaction/page-background-worker/call-card-set-mute.md,widgets,Владимир,ожидает,1,1,0,placement.call
api-reference/widgets/ui-interaction/page-background-worker/call-card-set-status-text.md,widgets,Владимир,ожидает,1,1,0,placement.call
api-reference/widgets/ui-interaction/page-background-worker/call-card-set-ui-state.md,widgets,Владимир,ожидает,1,1,0,placement.call
api-reference/widgets/ui-interaction/page-background-worker/events/add-comment-button-click.md,widgets,Владимир,ожидает,1,1,0,placement.bindEvent
api-reference/widgets/ui-interaction/page-background-worker/events/answer-button-click.md,widgets,Владимир,ожидает,1,1,0,placement.bindEvent
api-reference/widgets/ui-interaction/page-background-worker/events/cancel-transfer-button-click.md,widgets,Владимир,ожидает,1,1,0,placement.bindEvent
api-reference/widgets/ui-interaction/page-background-worker/events/close-button-click.md,widgets,Владимир,ожидает,1,1,0,placement.bindEvent
api-reference/widgets/ui-interaction/page-background-worker/events/complete-transfer-button-click.md,widgets,Владимир,ожидает,1,1,0,placement.bindEvent
api-reference/widgets/ui-interaction/page-background-worker/events/dialpad-button-click.md,widgets,Владимир,ожидает,1,1,0,placement.bindEvent
api-reference/widgets/ui-interaction/page-background-worker/events/entity-changed.md,widgets,Владимир,ожидает,1,1,0,placement.bindEvent
api-reference/widgets/ui-interaction/page-background-worker/events/hang-up-button-click.md,widgets,Владимир,ожидает,1,1,0,placement.bindEvent
api-reference/widgets/ui-interaction/page-background-worker/events/hold-button-click.md,widgets,Владимир,ожидает,1,1,0,placement.bindEvent
api-reference/widgets/ui-interaction/page-background-worker/events/initialized.md,widgets,Владимир,ожидает,1,1,0,placement.bindEvent
api-reference/widgets/ui-interaction/page-background-worker/events/make-call-button-click.md,widgets,Владимир,ожидает,1,1,0,placement.bindEvent
api-reference/widgets/ui-interaction/page-background-worker/events/mute-button-click.md,widgets,Владимир,ожидает,1,1,0,placement.bindEvent
api-reference/widgets/ui-interaction/page-background-worker/events/next-button-click.md,widgets,Владимир,ожидает,1,1,0,placement.bindEvent
api-reference/widgets/ui-interaction/page-background-worker/events/notify-admin-button-click.md,widgets,Владимир,ожидает,1,1,0,placement.bindEvent
api-reference/widgets/ui-interaction/page-background-worker/events/quality-meter-click.md,widgets,Владимир,ожидает,1,1,0,placement.bindEvent
api-reference/widgets/ui-interaction/page-background-worker/events/skip-button-click.md,widgets,Владимир,ожидает,1,1,0,placement.bindEvent
api-reference/widgets/ui-interaction/page-background-worker/events/transfer-button-click.md,widgets,Владимир,ожидает,1,1,0,placement.bindEvent
api-reference/widgets/universal/app-url.md,widgets,Владимир,ожидает,1,1,0,placement.bind
api-reference/widgets/universal/background-worker.md,widgets,Владимир,ожидает,1,1,0,placement.bind
api-reference/widgets/user-field/userfieldtype-add.md,widgets,Владимир,ожидает,1,1,0,userfieldtype.add
api-reference/widgets/user-field/userfieldtype-delete.md,widgets,Владимир,ожидает,1,1,0,userfieldtype.delete
api-reference/widgets/user-field/userfieldtype-list.md,widgets,Владимир,ожидает,1,1,0,userfieldtype.list
api-reference/widgets/user-field/userfieldtype-update.md,widgets,Владимир,ожидает,1,1,0,userfieldtype.update
api-reference/widgets/user-profile/profile-menu.md,widgets,Владимир,ожидает,1,1,0,placement.bind
api-reference/widgets/user-profile/profile-toolbar.md,widgets,Владимир,ожидает,1,1,0,placement.bind
api-reference/widgets/workgroups/detail-tab.md,widgets,Владимир,ожидает,1,1,0,placement.bind
api-reference/widgets/workgroups/robot-designer-toolbar.md,widgets,Владимир,ожидает,1,1,0,placement.bind
api-reference/widgets/workgroups/toolbar.md,widgets,Владимир,ожидает,1,1,0,placement.bind
